Data Source,World Development Indicators,,,,,,,,,,,,,,,,,,,,,,,,,,,,,,,,,,,,,,,,,,,,,,,,,,,,,,,,,,,,,,,
,,,,,,,,,,,,,,,,,,,,,,,,,,,,,,,,,,,,,,,,,,,,,,,,,,,,,,,,,,,,,,,,
Last Updated Date,2/15/2022,,,,,,,,,,,,,,,,,,,,,,,,,,,,,,,,,,,,,,,,,,,,,,,,,,,,,,,,,,,,,,,
,,,,,,,,,,,,,,,,,,,,,,,,,,,,,,,,,,,,,,,,,,,,,,,,,,,,,,,,,,,,,,,,
Country Name,Country Code,Indicator Name,Indicator Code,1960,1961,1962,1963,1964,1965,1966,1967,1968,1969,1970,1971,1972,1973,1974,1975,1976,1977,1978,1979,1980,1981,1982,1983,1984,1985,1986,1987,1988,1989,1990,1991,1992,1993,1994,1995,1996,1997,1998,1999,2000,2001,2002,2003,2004,2005,2006,2007,2008,2009,2010,2011,2012,2013,2014,2015,2016,2017,2018,2019,2020
Aruba,ABW,Electricity production from nuclear sources (% of total),EG.ELC.NUCL.ZS,,,,,,,,,,,,,,,,,,,,,,,,,,,,,,,,,,,,,,,,,,,,,,,,,,,,,,,,,,,,,
Africa Eastern and Southern,AFE,Electricity production from nuclear sources (% of total),EG.ELC.NUCL.ZS,,,,,,,,,,,,0,0,0,0,0,0,0,0,0,0,0,0,0,2.221703905,2.861222538,4.582027593,3.12990131,5.089103215,5.209782984,3.865516252,4.139464844,4.249249441,3.200348515,4.148066377,4.677477438,4.60238276,4.76645148,5.106402589,4.814617689,4.679718033,3.779563916,4.024854819,4.068130985,4.090780741,3.395052653,2.902800044,3.15222857,3.671627097,3.664701848,3.305308125,3.607789369,3.21180304,3.731343776,3.578857781,,,,,,
Afghanistan,AFG,Electricity production from nuclear sources (% of total),EG.ELC.NUCL.ZS,,,,,,,,,,,,,,,,,,,,,,,,,,,,,,,,,,,,,,,,,,,,,,,,,,,,,,,,,,,,,
Africa Western and Central,AFW,Electricity production from nuclear sources (% of total),EG.ELC.NUCL.ZS,,,,,,,,,,,,0,0,0,0,0,0,0,0,0,0,0,0,0,0,0,0,0,0,0,0,0,0,0,0,0,0,0,0,0,0,0,0,0,0,0,0,0,0,0,0,0,0,0,0,,,,,,
Angola,AGO,Electricity production from nuclear sources (% of total),EG.ELC.NUCL.ZS,,,,,,,,,,,,0,0,0,0,0,0,0,0,0,0,0,0,0,0,0,0,0,0,0,0,0,0,0,0,0,0,0,0,0,0,0,0,0,0,0,0,0,0,0,0,0,0,0,0,,,,,,
Albania,ALB,Electricity production from nuclear sources (% of total),EG.ELC.NUCL.ZS,,,,,,,,,,,,0,0,0,0,0,0,0,0,0,0,0,0,0,0,0,0,0,0,0,0,0,0,0,0,0,0,0,0,0,0,0,0,0,0,0,0,0,0,0,0,0,0,0,0,,,,,,
Andorra,AND,Electricity production from nuclear sources (% of total),EG.ELC.NUCL.ZS,,,,,,,,,,,,,,,,,,,,,,,,,,,,,,,,,,,,,,,,,,,,,,,,,,,,,,,,,,,,,
Arab World,ARB,Electricity production from nuclear sources (% of total),EG.ELC.NUCL.ZS,,,,,,,,,,,,0,0,0,0,0,0,0,0,0,0,0,0,0,0,0,0,0,0,0,0,0,0,0,0,0,0,0,0,0,0,0,0,0,0,0,0,0,0,0,0,0,0,0,0,,,,,,
United Arab Emirates,ARE,Electricity production from nuclear sources (% of total),EG.ELC.NUCL.ZS,,,,,,,,,,,,0,0,0,0,0,0,0,0,0,0,0,0,0,0,0,0,0,0,0,0,0,0,0,0,0,0,0,0,0,0,0,0,0,0,0,0,0,0,0,0,0,0,0,0,,,,,,
Argentina,ARG,Electricity production from nuclear sources (% of total),EG.ELC.NUCL.ZS,,,,,,,,,,,,0,0,0,3.706618962,8.577855025,8.512046598,5.050442724,8.661841239,7.151775989,5.893315872,7.250444141,4.688361831,7.918052229,10.32113152,12.73831879,11.65438851,12.42337478,11.09750029,9.976044822,14.34962554,14.46394271,12.67156994,12.5860725,12.7660564,10.54390808,10.70372815,11.01136961,10.06998865,8.830949333,6.947474975,7.833324086,6.892591145,8.221232207,7.856037538,6.515247746,7.196661333,6.718800912,6.027762245,6.693788499,5.724755115,4.917602563,4.715137841,4.462963229,4.166726991,,,,,,
Armenia,ARM,Electricity production from nuclear sources (% of total),EG.ELC.NUCL.ZS,,,,,,,,,,,,,,,,,,,,,,,,,,,,,,,0,0,0,0,0,5.46664269,37.39942066,26.65450323,25.66628978,36.34773483,33.65223229,34.58659704,41.3480703,36.32066897,36.50082919,42.99509261,44.43696347,43.28585961,42.65164645,43.97813437,38.36080727,34.29340511,28.7580886,30.60959792,31.80645161,,,,,,
American Samoa,ASM,Electricity production from nuclear sources (% of total),EG.ELC.NUCL.ZS,,,,,,,,,,,,,,,,,,,,,,,,,,,,,,,,,,,,,,,,,,,,,,,,,,,,,,,,,,,,,
Antigua and Barbuda,ATG,Electricity production from nuclear sources (% of total),EG.ELC.NUCL.ZS,,,,,,,,,,,,,,,,,,,,,,,,,,,,,,,,,,,,,,,,,,,,,,,,,,,,,,,,,,,,,
Australia,AUS,Electricity production from nuclear sources (% of total),EG.ELC.NUCL.ZS,0,0,0,0,0,0,0,0,0,0,0,0,0,0,0,0,0,0,0,0,0,0,0,0,0,0,0,0,0,0,0,0,0,0,0,0,0,0,0,0,0,0,0,0,0,0,0,0,0,0,0,0,0,0,0,0,,,,,
Austria,AUT,Electricity production from nuclear sources (% of total),EG.ELC.NUCL.ZS,0,0,0,0,0,0,0,0,0,0,0,0,0,0,0,0,0,0,0,0,0,0,0,0,0,0,0,0,0,0,0,0,0,0,0,0,0,0,0,0,0,0,0,0,0,0,0,0,0,0,0,0,0,0,0,0,,,,,
Azerbaijan,AZE,Electricity production from nuclear sources (% of total),EG.ELC.NUCL.ZS,,,,,,,,,,,,,,,,,,,,,,,,,,,,,,,0,0,0,0,0,0,0,0,0,0,0,0,0,0,0,0,0,0,0,0,0,0,0,0,0,,,,,,
Burundi,BDI,Electricity production from nuclear sources (% of total),EG.ELC.NUCL.ZS,,,,,,,,,,,,,,,,,,,,,,,,,,,,,,,,,,,,,,,,,,,,,,,,,,,,,,,,,,,,,
Belgium,BEL,Electricity production from nuclear sources (% of total),EG.ELC.NUCL.ZS,0,0,0.022798518,0.249840527,0.248163106,0,0.026492406,0.396775147,0.230536659,0.075432882,0.186744422,0,0.029681597,0.187122984,0.349766035,16.62011858,21.29745559,25.47312723,24.74930279,21.97668818,23.63677459,25.69179437,31.34179039,46.47477299,51.67256472,61.5030484,68.36743548,67.33357935,66.7823554,61.63105402,60.77789791,60.20987273,60.8542221,59.83758634,56.94341262,56.25442081,57.67521095,60.8879927,56.24733475,58.79735144,58.17959963,58.95469231,58.5132013,56.69989588,56.08810594,55.53092441,55.30065917,55.09893977,54.51826328,52.58223281,51.09503053,54.18698182,49.36842234,51.9010759,47.13574445,37.53235176,,,,,
Benin,BEN,Electricity production from nuclear sources (% of total),EG.ELC.NUCL.ZS,,,,,,,,,,,,,,0,0,0,0,0,0,0,0,0,0,0,0,0,0,0,0,0,0,0,0,0,0,0,0,0,0,0,0,0,0,0,0,0,0,0,0,0,0,0,0,0,0,,,,,,
Burkina Faso,BFA,Electricity production from nuclear sources (% of total),EG.ELC.NUCL.ZS,,,,,,,,,,,,,,,,,,,,,,,,,,,,,,,,,,,,,,,,,,,,,,,,,,,,,,,,,,,,,
Bangladesh,BGD,Electricity production from nuclear sources (% of total),EG.ELC.NUCL.ZS,,,,,,,,,,,,0,0,0,0,0,0,0,0,0,0,0,0,0,0,0,0,0,0,0,0,0,0,0,0,0,0,0,0,0,0,0,0,0,0,0,0,0,0,0,0,0,0,0,0,,,,,,
Bulgaria,BGR,Electricity production from nuclear sources (% of total),EG.ELC.NUCL.ZS,,,,,,,,,,,,0,0,0,4.069104622,10.12006181,17.9803222,19.80477954,18.7666709,19.09293129,17.69771781,24.66461106,26.56022146,28.88294879,28.50779011,31.54064181,28.86178862,28.60626136,35.60560627,32.85959213,34.79983864,32.26469581,32.44032575,36.77395584,40.21451236,41.30512814,42.33074258,41.64848314,40.73716944,41.59499198,44.72272794,44.91431984,47.95465864,40.82404082,40.59045044,42.42017648,42.83987517,34.1034539,35.36021891,35.99726292,33.13775344,32.61299802,33.88866227,32.90301609,33.81209112,,,,,,
Bahrain,BHR,Electricity production from nuclear sources (% of total),EG.ELC.NUCL.ZS,,,,,,,,,,,,0,0,0,0,0,0,0,0,0,0,0,0,0,0,0,0,0,0,0,0,0,0,0,0,0,0,0,0,0,0,0,0,0,0,0,0,0,0,0,0,0,0,0,0,,,,,,
"Bahamas, The",BHS,Electricity production from nuclear sources (% of total),EG.ELC.NUCL.ZS,,,,,,,,,,,,,,,,,,,,,,,,,,,,,,,,,,,,,,,,,,,,,,,,,,,,,,,,,,,,,
Bosnia and Herzegovina,BIH,Electricity production from nuclear sources (% of total),EG.ELC.NUCL.ZS,,,,,,,,,,,,,,,,,,,,,,,,,,,,,,,0,0,0,0,0,0,0,0,0,0,0,0,0,0,0,0,0,0,0,0,0,0,0,0,0,,,,,,
Belarus,BLR,Electricity production from nuclear sources (% of total),EG.ELC.NUCL.ZS,,,,,,,,,,,,,,,,,,,,,,,,,,,,,,,0,0,0,0,0,0,0,0,0,0,0,0,0,0,0,0,0,0,0,0,0,0,0,0,0,,,,,,
Belize,BLZ,Electricity production from nuclear sources (% of total),EG.ELC.NUCL.ZS,,,,,,,,,,,,,,,,,,,,,,,,,,,,,,,,,,,,,,,,,,,,,,,,,,,,,,,,,,,,,
Bermuda,BMU,Electricity production from nuclear sources (% of total),EG.ELC.NUCL.ZS,,,,,,,,,,,,,,,,,,,,,,,,,,,,,,,,,,,,,,,,,,,,,,,,,,,,,,,,,,,,,
Bolivia,BOL,Electricity production from nuclear sources (% of total),EG.ELC.NUCL.ZS,,,,,,,,,,,,0,0,0,0,0,0,0,0,0,0,0,0,0,0,0,0,0,0,0,0,0,0,0,0,0,0,0,0,0,0,0,0,0,0,0,0,0,0,0,0,0,0,0,0,,,,,,
Brazil,BRA,Electricity production from nuclear sources (% of total),EG.ELC.NUCL.ZS,,,,,,,,,,,,0,0,0,0,0,0,0,0,0,0,0,0,0,0.915881599,1.745644923,0.071241985,0.478530081,0.282860426,0.826099322,1.003944871,0.615248083,0.727665348,0.175413531,0.021150511,0.914002489,0.833224617,1.028956238,1.014769323,1.188171465,1.732825084,4.346621696,4.002649919,3.666365665,2.996750574,2.445209201,3.279939524,2.774364423,3.016626104,2.779750322,2.815926475,2.944766124,2.902154087,2.705324499,2.603567928,,,,,,
Barbados,BRB,Electricity production from nuclear sources (% of total),EG.ELC.NUCL.ZS,,,,,,,,,,,,,,,,,,,,,,,,,,,,,,,,,,,,,,,,,,,,,,,,,,,,,,,,,,,,,
Brunei Darussalam,BRN,Electricity production from nuclear sources (% of total),EG.ELC.NUCL.ZS,,,,,,,,,,,,0,0,0,0,0,0,0,0,0,0,0,0,0,0,0,0,0,0,0,0,0,0,0,0,0,0,0,0,0,0,0,0,0,0,0,0,0,0,0,0,0,0,0,0,,,,,,
Bhutan,BTN,Electricity production from nuclear sources (% of total),EG.ELC.NUCL.ZS,,,,,,,,,,,,,,,,,,,,,,,,,,,,,,,,,,,,,,,,,,,,,,,,,,,,,,,,,,,,,
Botswana,BWA,Electricity production from nuclear sources (% of total),EG.ELC.NUCL.ZS,,,,,,,,,,,,,,,,,,,,,,0,0,0,0,0,0,0,0,0,0,0,0,0,0,0,0,0,0,0,0,0,0,0,0,0,0,0,0,0,0,0,0,0,0,,,,,,
Central African Republic,CAF,Electricity production from nuclear sources (% of total),EG.ELC.NUCL.ZS,,,,,,,,,,,,,,,,,,,,,,,,,,,,,,,,,,,,,,,,,,,,,,,,,,,,,,,,,,,,,
Canada,CAN,Electricity production from nuclear sources (% of total),EG.ELC.NUCL.ZS,0,0,0,0.074712598,0.109818182,0.08695475,0.106645503,0.090477401,0.508578805,0.270693467,0.494959716,1.923519044,2.92978828,5.647935249,5.183499991,4.536595929,5.839983905,8.180084838,9.099260149,9.821781627,10.18865296,10.26148645,9.8972761,11.91918201,11.94709503,13.18804641,15.21245395,15.56903,16.38212234,15.99135083,15.13709415,16.70334598,15.48822843,17.6534484,19.40601757,17.47198686,16.19170962,14.38772664,12.73232927,12.69395193,12.02105034,13.00400149,12.56341927,12.70342062,15.06789028,14.83262533,16.03107899,14.87120015,15.19625997,14.77761648,15.01318195,14.70780517,14.90015723,15.54900826,16.11907499,15.54656052,,,,,
Central Europe and the Baltics,CEB,Electricity production from nuclear sources (% of total),EG.ELC.NUCL.ZS,,,,,,,,,,,,0,0.001186987,0.085935944,0.492114547,0.889202774,1.6401096,1.723790999,1.608519177,2.250088965,2.770373545,3.705068774,4.228620888,5.172167469,5.857346632,7.308704729,8.419843832,10.05825007,11.55858476,11.51822715,17.33297122,17.4620526,17.29178688,17.49017593,17.29598396,17.55955229,18.07509347,18.64469796,18.8887222,18.54666628,19.15329391,19.99963469,21.78643851,21.4375118,21.28337517,20.7779876,20.41098922,19.71945846,21.32540679,22.12161441,19.35259889,19.650032,20.27655214,20.03117071,20.54993138,13.65341674,,,,,
Switzerland,CHE,Electricity production from nuclear sources (% of total),EG.ELC.NUCL.ZS,0,0,0,0,0,0,0,0,0,1.81768763,5.078214861,4.461049998,12.04554723,17.13882174,19.0474907,18.05765606,21.99900244,17.68141207,19.86982249,25.96502804,29.77893098,29.57518231,28.82037023,30.09866845,37.2111795,40.6179664,39.93739057,39.12407518,38.19162841,42.48637184,42.98079721,40.35053794,40.21127727,38.36838646,37.24090492,39.9932528,44.69609429,40.98754678,41.45801233,37.61303569,39.99455568,37.7311492,41.60085542,42.02905199,42.21091365,40.39003963,44.77114716,42.03103599,41.32108121,41.52505512,39.87615818,42.47233176,37.3363663,37.8201397,39.30986277,34.93199389,,,,,
Channel Islands,CHI,Electricity production from nuclear sources (% of total),EG.ELC.NUCL.ZS,,,,,,,,,,,,,,,,,,,,,,,,,,,,,,,,,,,,,,,,,,,,,,,,,,,,,,,,,,,,,
Chile,CHL,Electricity production from nuclear sources (% of total),EG.ELC.NUCL.ZS,,,,,,,,,,,,0,0,0,0,0,0,0,0,0,0,0,0,0,0,0,0,0,0,0,0,0,0,0,0,0,0,0,0,0,0,0,0,0,0,0,0,0,0,0,0,0,0,0,0,0,,,,,
China,CHN,Electricity production from nuclear sources (% of total),EG.ELC.NUCL.ZS,,,,,,,,,,,,0,0,0,0,0,0,0,0,0,0,0,0,0,0,0,0,0,0,0,0,0,0,0.191317022,1.589666521,1.273223708,1.327297638,1.269315285,1.207708779,1.205635493,1.234530566,1.179784044,1.519015043,2.268318021,2.290399555,2.12312425,1.913603638,1.893174152,1.972608903,1.887829029,1.760219422,1.835335837,1.953846265,2.053005141,2.33928636,,,,,,
Cote d'Ivoire,CIV,Electricity production from nuclear sources (% of total),EG.ELC.NUCL.ZS,,,,,,,,,,,,0,0,0,0,0,0,0,0,0,0,0,0,0,0,0,0,0,0,0,0,0,0,0,0,0,0,0,0,0,0,0,0,0,0,0,0,0,0,0,0,0,0,0,0,,,,,,
Cameroon,CMR,Electricity production from nuclear sources (% of total),EG.ELC.NUCL.ZS,,,,,,,,,,,,0,0,0,0,0,0,0,0,0,0,0,0,0,0,0,0,0,0,0,0,0,0,0,0,0,0,0,0,0,0,0,0,0,0,0,0,0,0,0,0,0,0,0,0,,,,,,
"Congo, Dem. Rep.",COD,Electricity production from nuclear sources (% of total),EG.ELC.NUCL.ZS,,,,,,,,,,,,0,0,0,0,0,0,0,0,0,0,0,0,0,0,0,0,0,0,0,0,0,0,0,0,0,0,0,0,0,0,0,0,0,0,0,0,0,0,0,0,0,0,0,0,,,,,,
"Congo, Rep.",COG,Electricity production from nuclear sources (% of total),EG.ELC.NUCL.ZS,,,,,,,,,,,,0,0,0,0,0,0,0,0,0,0,0,0,0,0,0,0,0,0,0,0,0,0,0,0,0,0,0,0,0,0,0,0,0,0,0,0,0,0,0,0,0,0,0,0,,,,,,
Colombia,COL,Electricity production from nuclear sources (% of total),EG.ELC.NUCL.ZS,,,,,,,,,,,,0,0,0,0,0,0,0,0,0,0,0,0,0,0,0,0,0,0,0,0,0,0,0,0,0,0,0,0,0,0,0,0,0,0,0,0,0,0,0,0,0,0,0,0,,,,,,
Comoros,COM,Electricity production from nuclear sources (% of total),EG.ELC.NUCL.ZS,,,,,,,,,,,,,,,,,,,,,,,,,,,,,,,,,,,,,,,,,,,,,,,,,,,,,,,,,,,,,
Cabo Verde,CPV,Electricity production from nuclear sources (% of total),EG.ELC.NUCL.ZS,,,,,,,,,,,,,,,,,,,,,,,,,,,,,,,,,,,,,,,,,,,,,,,,,,,,,,,,,,,,,
Costa Rica,CRI,Electricity production from nuclear sources (% of total),EG.ELC.NUCL.ZS,,,,,,,,,,,,0,0,0,0,0,0,0,0,0,0,0,0,0,0,0,0,0,0,0,0,0,0,0,0,0,0,0,0,0,0,0,0,0,0,0,0,0,0,0,0,0,0,0,0,,,,,,
Caribbean small states,CSS,Electricity production from nuclear sources (% of total),EG.ELC.NUCL.ZS,,,,,,,,,,,,,,,,,,,,,,,,,,,,,,,,,,,,,,,,,,,,,,,,,,,,,,,,,,,,,
Cuba,CUB,Electricity production from nuclear sources (% of total),EG.ELC.NUCL.ZS,,,,,,,,,,,,0,0,0,0,0,0,0,0,0,0,0,0,0,0,0,0,0,0,0,0,0,0,0,0,0,0,0,0,0,0,0,0,0,0,0,0,0,0,0,0,0,0,0,0,,,,,,
Curacao,CUW,Electricity production from nuclear sources (% of total),EG.ELC.NUCL.ZS,,,,,,,,,,,,0,0,0,0,0,0,0,0,0,0,0,0,0,0,0,0,0,0,0,,,,,,,,,,,,,,,,,,,,,,,,,,,,,,,
Cayman Islands,CYM,Electricity production from nuclear sources (% of total),EG.ELC.NUCL.ZS,,,,,,,,,,,,,,,,,,,,,,,,,,,,,,,,,,,,,,,,,,,,,,,,,,,,,,,,,,,,,
Cyprus,CYP,Electricity production from nuclear sources (% of total),EG.ELC.NUCL.ZS,,,,,,,,,,,,0,0,0,0,0,0,0,0,0,0,0,0,0,0,0,0,0,0,0,0,0,0,0,0,0,0,0,0,0,0,0,0,0,0,0,0,0,0,0,0,0,0,0,0,,,,,,
Czech Republic,CZE,Electricity production from nuclear sources (% of total),EG.ELC.NUCL.ZS,,,,,,,,,,,,0,0,0,0,0,0,0,0,0,0,0,0,0.353038781,2.135323314,4.124154781,10.14586015,17.20528651,18.36664905,19.06618968,20.21004962,20.12007032,20.74267233,21.52794353,22.22507664,20.1898473,20.13380756,19.45590731,20.3918049,20.81859131,18.63916281,19.86825444,24.65688532,31.24034003,31.41783029,30.18149418,31.13539102,29.82088328,31.8758629,33.33006664,32.81836084,32.5931133,34.98102368,35.74667473,35.63622262,32.48886414,,,,,
Germany,DEU,Electricity production from nuclear sources (% of total),EG.ELC.NUCL.ZS,0,0.018997111,0.072848599,0.037519932,0.063586784,0.06824346,0.149986133,0.667764162,0.873647602,2.198394286,2.103176788,1.899471045,2.752969952,3.233854768,3.702091596,6.289704771,7.007923156,9.6830676,9.793648739,11.13494577,11.92027276,14.01065128,15.89928841,16.37193012,20.72936393,26.63304902,25.00685111,26.71702481,28.66339249,29.00464122,27.84040902,27.47701679,29.7568544,29.3358495,28.69412896,28.73254081,29.05731163,31.08112793,29.26345327,30.76744881,29.63518215,29.43961532,28.32560649,27.34578854,27.33818247,26.47856447,26.43599502,22.1780347,23.40789432,22.87114851,22.43214387,17.7809653,15.94630907,15.3710038,15.61715155,14.31992599,,,,,
Djibouti,DJI,Electricity production from nuclear sources (% of total),EG.ELC.NUCL.ZS,,,,,,,,,,,,,,,,,,,,,,,,,,,,,,,,,,,,,,,,,,,,,,,,,,,,,,,,,,,,,
Dominica,DMA,Electricity production from nuclear sources (% of total),EG.ELC.NUCL.ZS,,,,,,,,,,,,,,,,,,,,,,,,,,,,,,,,,,,,,,,,,,,,,,,,,,,,,,,,,,,,,
Denmark,DNK,Electricity production from nuclear sources (% of total),EG.ELC.NUCL.ZS,0,0,0,0,0,0,0,0,0,0,0,0,0,0,0,0,0,0,0,0,0,0,0,0,0,0,0,0,0,0,0,0,0,0,0,0,0,0,0,0,0,0,0,0,0,0,0,0,0,0,0,0,0,0,0,0,,,,,
Dominican Republic,DOM,Electricity production from nuclear sources (% of total),EG.ELC.NUCL.ZS,,,,,,,,,,,,0,0,0,0,0,0,0,0,0,0,0,0,0,0,0,0,0,0,0,0,0,0,0,0,0,0,0,0,0,0,0,0,0,0,0,0,0,0,0,0,0,0,0,0,,,,,,
Algeria,DZA,Electricity production from nuclear sources (% of total),EG.ELC.NUCL.ZS,,,,,,,,,,,,0,0,0,0,0,0,0,0,0,0,0,0,0,0,0,0,0,0,0,0,0,0,0,0,0,0,0,0,0,0,0,0,0,0,0,0,0,0,0,0,0,0,0,0,,,,,,
East Asia & Pacific (excluding high income),EAP,Electricity production from nuclear sources (% of total),EG.ELC.NUCL.ZS,,,,,,,,,,,,0,0,0,0,0,0,0,0,0,0,0,0,0,0,0,0,0,0,0,0,0,0,0.152639402,1.265489319,1.006585524,1.042393634,0.992966599,0.947189845,0.947497803,0.973270773,0.935396714,1.216612741,1.843527674,1.887212259,1.771862889,1.618146877,1.619199766,1.691056957,1.620157248,1.518822972,1.59934453,1.699302482,1.794614993,2.041514197,,,,,,
Early-demographic dividend,EAR,Electricity production from nuclear sources (% of total),EG.ELC.NUCL.ZS,,,,,,,,,,,,0.440467895,0.387084536,0.777384421,0.990085933,1.408248914,1.444795884,0.912833707,1.146040102,1.008837642,0.878760642,0.896710479,0.568156002,0.944296061,1.550388349,1.829578047,2.05910737,1.718409834,1.976778239,1.755085655,1.971220319,2.006927555,1.952386884,1.725800833,1.784897773,2.101299819,2.063968771,2.212561884,2.157808541,2.102703976,2.1073229,2.127078866,2.058697711,1.998113655,1.899430622,1.750121655,1.685639172,1.5841465,1.457585101,1.603586104,1.569266644,1.829910413,1.713889688,1.898096167,1.784026033,0.264383022,,,,,
East Asia & Pacific,EAS,Electricity production from nuclear sources (% of total),EG.ELC.NUCL.ZS,,,,,,,,,,,,1.199225494,1.286882093,1.190232635,2.405168568,2.85656493,3.633557819,3.183963004,5.958346102,6.935710594,8.026340252,8.403385006,9.632137792,10.74739655,12.16748278,13.81576825,14.36006868,15.44369143,13.77745865,13.33003647,13.73102962,13.74083103,13.43569862,13.83501604,14.07043298,14.2399343,14.21890916,14.19207158,14.71174467,14.08207105,13.50131137,12.84550452,11.87490017,10.44425666,10.64589844,10.67713599,9.900062242,8.43509297,8.34873965,8.341544702,7.730061996,5.03498948,3.816568867,3.559036608,3.786003768,1.946613607,,,,,
Europe & Central Asia (excluding high income),ECA,Electricity production from nuclear sources (% of total),EG.ELC.NUCL.ZS,,,,,,,,,,,,,,,,,,,,,,,,,,,,,,,10.94167689,11.18534922,11.74663122,12.61285162,11.88679523,12.4135023,14.06949056,14.41023784,13.97481266,14.66946153,15.2950026,15.48321934,15.86903625,15.81355533,15.41753009,15.53668989,15.37692593,15.27121113,15.1949616,15.5650998,15.39126595,15.25762874,15.20310412,14.50028555,15.1734667,0,,,,,
Europe & Central Asia,ECS,Electricity production from nuclear sources (% of total),EG.ELC.NUCL.ZS,,,,,,,,,,,,2.086192543,2.587879697,2.64422459,3.027012964,3.993261331,4.339955811,5.00113083,5.362319312,5.725524589,6.590830609,8.83050634,9.619056411,10.96741886,13.35355922,15.36089517,16.27943306,16.25824185,17.05806413,17.60357503,22.17720861,22.75471848,23.50642042,24.79122331,24.55955347,24.86600337,26.04284365,26.22428069,25.60317439,25.76967142,25.33714544,25.70633082,25.90775268,25.60483945,25.27546662,24.7270697,24.3079607,23.05864164,22.87302684,23.02235878,22.6574604,22.64774038,22.00078272,21.81867479,22.37034019,16.0801853,,,,,
Ecuador,ECU,Electricity production from nuclear sources (% of total),EG.ELC.NUCL.ZS,,,,,,,,,,,,0,0,0,0,0,0,0,0,0,0,0,0,0,0,0,0,0,0,0,0,0,0,0,0,0,0,0,0,0,0,0,0,0,0,0,0,0,0,0,0,0,0,0,0,,,,,,
"Egypt, Arab Rep.",EGY,Electricity production from nuclear sources (% of total),EG.ELC.NUCL.ZS,,,,,,,,,,,,0,0,0,0,0,0,0,0,0,0,0,0,0,0,0,0,0,0,0,0,0,0,0,0,0,0,0,0,0,0,0,0,0,0,0,0,0,0,0,0,0,0,0,0,,,,,,
Euro area,EMU,Electricity production from nuclear sources (% of total),EG.ELC.NUCL.ZS,0.041654302,0.078231038,0.140972197,0.201689964,0.665598313,0.909368498,1.044917973,1.274758567,1.278524067,1.836913548,2.047328145,2.517595827,3.509424358,3.753769289,4.160332517,6.1483661,6.213864672,7.467875928,8.569837129,9.5954484,11.4084032,16.2633426,17.76611182,20.89910025,26.26125805,30.51759713,32.3303559,32.41781158,33.59243009,34.73560653,35.4995608,35.47745588,36.34200805,37.69817371,36.11514275,36.41334423,36.93655195,37.06847371,35.73814759,35.88857815,35.85755309,35.58923537,35.66450283,34.73379984,34.30730284,33.78918698,33.27461803,31.36909847,31.56990287,31.06791269,30.66085386,30.53137035,29.21658411,29.05278782,30.09943985,29.04817842,,,,,
Eritrea,ERI,Electricity production from nuclear sources (% of total),EG.ELC.NUCL.ZS,,,,,,,,,,,,,,,,,,,,,,,,,,,,,,,,,0,0,0,0,0,0,0,0,0,0,0,0,0,0,0,0,0,0,0,0,0,0,0,,,,,,
Spain,ESP,Electricity production from nuclear sources (% of total),EG.ELC.NUCL.ZS,0,0,0,0,0,0,0,0,0.181179193,1.593127835,1.639344262,4.096776813,6.995509092,8.650541898,9.020180828,9.189018003,8.46546025,7.038591419,7.782231809,6.399052558,4.747953784,8.698498127,7.72734481,9.240063097,19.54684775,22.32500378,29.21202857,31.12302611,36.41545922,38.12907609,35.89011018,35.91493321,35.59795788,36.06559486,34.37682565,33.48812773,32.49214086,29.23546237,30.50436419,28.59155545,28.15757669,27.3346291,26.26575024,24.04658917,22.9913393,19.87907893,20.34156342,18.25575886,18.96372091,18.07694548,20.77969965,19.79810176,20.91228882,20.15527012,20.84204707,20.61866432,,,,,
Estonia,EST,Electricity production from nuclear sources (% of total),EG.ELC.NUCL.ZS,,,,,,,,,,,,,,,,,,,,,,,,,,,,,,,0,0,0,0,0,0,0,0,0,0,0,0,0,0,0,0,0,0,0,0,0,0,0,0,0,0,,,,,
Ethiopia,ETH,Electricity production from nuclear sources (% of total),EG.ELC.NUCL.ZS,,,,,,,,,,,,0,0,0,0,0,0,0,0,0,0,0,0,0,0,0,0,0,0,0,0,0,0,0,0,0,0,0,0,0,0,0,0,0,0,0,0,0,0,0,0,0,0,0,0,,,,,,
European Union,EUU,Electricity production from nuclear sources (% of total),EG.ELC.NUCL.ZS,0.031040361,0.058165582,0.104943828,0.151187109,0.498018676,0.682169105,0.786593232,0.956872805,0.957148855,1.381250843,1.564864197,1.925342298,2.786191264,3.022449379,3.394884302,5.654875038,6.064905662,7.241884414,8.233095001,8.863022337,10.47372259,14.96462058,16.21499442,18.73351379,23.19341311,26.82928402,28.80531378,29.0289491,30.39413256,31.23473219,32.27662006,32.59605346,32.87139172,33.81241769,33.15220525,33.13092762,33.61221262,33.76471894,32.85037237,33.10829219,32.67972366,32.83053544,33.10700593,32.32026769,32.26305055,31.64034464,31.07237067,29.49361875,29.78487387,29.27049783,28.90236172,28.84252434,27.95115748,27.97017664,28.77238146,26.48026534,,,,,
Fragile and conflict affected situations,FCS,Electricity production from nuclear sources (% of total),EG.ELC.NUCL.ZS,,,,,,,,,,,,0,0,0,0,0,0,0,0,0,0,0,0,0,0,0,0,0,0,0,0,0,0,0,0,0.138271061,1.01861158,0.68439586,0.640205565,0.81404236,0.749808839,0.706544732,0.766485163,0.672016245,0.682342061,0.80412059,0.743618641,0.704156555,0.65250886,0.651459751,0.608504405,0.610620213,0.550538653,0.538459028,0.536656874,,,,,,
Finland,FIN,Electricity production from nuclear sources (% of total),EG.ELC.NUCL.ZS,0,0,0,0,0,0,0,0,0,0,0,0,0,0,0,0,0,8.03673938,9.134669204,17.18013404,17.23317054,35.84785744,40.7431694,41.99350665,41.66096231,38.33574704,38.68590915,36.78888431,36.29310665,35.47206273,35.33847031,33.64777705,33.36509311,32.62659834,29.6003413,30.00858905,28.07432286,30.20411703,31.1442701,33.07657975,32.12387104,30.5735306,29.74451337,26.95609895,26.46164599,32.97016236,27.82826319,28.83008185,29.64924062,32.64371644,28.26189355,31.54650957,32.64688756,33.12797339,34.62860164,33.89798388,,,,,
Fiji,FJI,Electricity production from nuclear sources (% of total),EG.ELC.NUCL.ZS,,,,,,,,,,,,,,,,,,,,,,,,,,,,,,,,,,,,,,,,,,,,,,,,,,,,,,,,,,,,,
France,FRA,Electricity production from nuclear sources (% of total),EG.ELC.NUCL.ZS,0.194513649,0.339241901,0.542717489,0.505094299,0.663351597,0.9922916,1.449288441,2.499016135,2.870793991,3.604887984,3.889744044,5.990413798,8.5233147,8.076906218,7.864723544,9.848133237,7.664543834,8.546448087,13.47940481,16.61752658,23.80454553,38.21282154,39.1136504,48.84259494,59.26924591,65.42034249,70.48642023,70.53410618,70.60440968,75.31732146,75.28325811,73.36828959,73.57324064,78.39558483,75.85046556,76.79768567,78.03833765,78.94266181,76.48649821,75.6362269,77.57369428,77.221128,78.89023355,78.55153303,78.81714758,79.04781079,79.05965945,77.99922662,77.25834297,77.21209129,75.94052651,79.5116603,75.96277983,74.70448631,78.23558829,77.62780083,,,,,
Faroe Islands,FRO,Electricity production from nuclear sources (% of total),EG.ELC.NUCL.ZS,,,,,,,,,,,,,,,,,,,,,,,,,,,,,,,,,,,,,,,,,,,,,,,,,,,,,,,,,,,,,
"Micronesia, Fed. Sts.",FSM,Electricity production from nuclear sources (% of total),EG.ELC.NUCL.ZS,,,,,,,,,,,,,,,,,,,,,,,,,,,,,,,,,,,,,,,,,,,,,,,,,,,,,,,,,,,,,
Gabon,GAB,Electricity production from nuclear sources (% of total),EG.ELC.NUCL.ZS,,,,,,,,,,,,0,0,0,0,0,0,0,0,0,0,0,0,0,0,0,0,0,0,0,0,0,0,0,0,0,0,0,0,0,0,0,0,0,0,0,0,0,0,0,0,0,0,0,0,,,,,,
United Kingdom,GBR,Electricity production from nuclear sources (% of total),EG.ELC.NUCL.ZS,1.602905988,1.737735325,2.299703264,3.652064148,4.45826825,7.7335786,10.02037084,11.21523696,11.76460019,12.24248742,10.48811761,10.7712038,11.18024714,9.950880036,12.34095198,11.20351564,13.13394774,14.20544493,12.99439367,12.82726984,13.03300935,13.72223045,16.18545621,18.11827976,19.25098789,20.72991561,19.73543118,18.31231518,20.69032977,22.94203246,20.6917279,21.95194055,24.05134243,27.77827864,27.16168652,26.75697542,27.1020546,28.1075663,27.55241928,26.04599589,22.72133556,23.56211817,22.84169061,22.42580867,20.44556556,20.6405244,19.17774445,16.03884256,13.63874958,18.52140745,16.41839156,18.95612172,19.55754204,19.86283065,19.01262478,20.91385318,,,,,
Georgia,GEO,Electricity production from nuclear sources (% of total),EG.ELC.NUCL.ZS,,,,,,,,,,,,,,,,,,,,,,,,,,,,,,,0,0,0,0,0,0,0,0,0,0,0,0,0,0,0,0,0,0,0,0,0,0,0,0,0,,,,,,
Ghana,GHA,Electricity production from nuclear sources (% of total),EG.ELC.NUCL.ZS,,,,,,,,,,,,0,0,0,0,0,0,0,0,0,0,0,0,0,0,0,0,0,0,0,0,0,0,0,0,0,0,0,0,0,0,0,0,0,0,0,0,0,0,0,0,0,0,0,0,,,,,,
Gibraltar,GIB,Electricity production from nuclear sources (% of total),EG.ELC.NUCL.ZS,,,,,,,,,,,,0,0,0,0,0,0,0,0,0,0,0,0,0,0,0,0,0,0,0,0,0,0,0,0,0,0,0,0,0,0,0,0,0,0,0,0,0,0,0,0,0,0,0,0,,,,,,
Guinea,GIN,Electricity production from nuclear sources (% of total),EG.ELC.NUCL.ZS,,,,,,,,,,,,,,,,,,,,,,,,,,,,,,,,,,,,,,,,,,,,,,,,,,,,,,,,,,,,,
"Gambia, The",GMB,Electricity production from nuclear sources (% of total),EG.ELC.NUCL.ZS,,,,,,,,,,,,,,,,,,,,,,,,,,,,,,,,,,,,,,,,,,,,,,,,,,,,,,,,,,,,,
Guinea-Bissau,GNB,Electricity production from nuclear sources (% of total),EG.ELC.NUCL.ZS,,,,,,,,,,,,,,,,,,,,,,,,,,,,,,,,,,,,,,,,,,,,,,,,,,,,,,,,,,,,,
Equatorial Guinea,GNQ,Electricity production from nuclear sources (% of total),EG.ELC.NUCL.ZS,,,,,,,,,,,,,,,,,,,,,,,,,,,,,,,,,,,,,,,,,,,,,,,,,,,,,,,,,,,,,
Greece,GRC,Electricity production from nuclear sources (% of total),EG.ELC.NUCL.ZS,0,0,0,0,0,0,0,0,0,0,0,0,0,0,0,0,0,0,0,0,0,0,0,0,0,0,0,0,0,0,0,0,0,0,0,0,0,0,0,0,0,0,0,0,0,0,0,0,0,0,0,0,0,0,0,0,,,,,
Grenada,GRD,Electricity production from nuclear sources (% of total),EG.ELC.NUCL.ZS,,,,,,,,,,,,,,,,,,,,,,,,,,,,,,,,,,,,,,,,,,,,,,,,,,,,,,,,,,,,,
Greenland,GRL,Electricity production from nuclear sources (% of total),EG.ELC.NUCL.ZS,,,,,,,,,,,,,,,,,,,,,,,,,,,,,,,,,,,,,,,,,,,,,,,,,,,,,,,,,,,,,
Guatemala,GTM,Electricity production from nuclear sources (% of total),EG.ELC.NUCL.ZS,,,,,,,,,,,,0,0,0,0,0,0,0,0,0,0,0,0,0,0,0,0,0,0,0,0,0,0,0,0,0,0,0,0,0,0,0,0,0,0,0,0,0,0,0,0,0,0,0,0,,,,,,
Guam,GUM,Electricity production from nuclear sources (% of total),EG.ELC.NUCL.ZS,,,,,,,,,,,,,,,,,,,,,,,,,,,,,,,,,,,,,,,,,,,,,,,,,,,,,,,,,,,,,
Guyana,GUY,Electricity production from nuclear sources (% of total),EG.ELC.NUCL.ZS,,,,,,,,,,,,,,,,,,,,,,,,,,,,,,,,,,,,,,,,,,,,,,,,,,,,,,,,,,,,,
High income,HIC,Electricity production from nuclear sources (% of total),EG.ELC.NUCL.ZS,0.168730109,0.253709997,0.339768936,0.505727437,0.654546879,0.964491991,1.225424571,1.379130091,1.603750432,1.750850399,1.997162603,2.670738017,3.374286641,4.163374164,5.290750502,7.185553807,7.720561837,9.22194514,10.35670468,10.29933266,10.9049742,12.6959878,13.73635716,14.97375513,17.10226339,19.63801138,21.04896175,21.78599785,22.57669979,22.05245092,22.66326559,23.3275112,23.34813184,23.55318584,23.68360098,23.86023402,23.86068319,23.17312026,23.19075471,23.43551352,22.88128541,23.39894056,22.78149097,22.00958877,22.37695615,22.02102596,21.92865472,20.79868384,20.77479785,21.14199378,20.55190893,18.87013566,17.64752697,17.66406085,17.82528723,17.26861522,,,,,
"Hong Kong SAR, China",HKG,Electricity production from nuclear sources (% of total),EG.ELC.NUCL.ZS,,,,,,,,,,,,0,0,0,0,0,0,0,0,0,0,0,0,0,0,0,0,0,0,0,0,0,0,0,0,0,0,0,0,0,0,0,0,0,0,0,0,0,0,0,0,0,0,0,0,,,,,,
Honduras,HND,Electricity production from nuclear sources (% of total),EG.ELC.NUCL.ZS,,,,,,,,,,,,0,0,0,0,0,0,0,0,0,0,0,0,0,0,0,0,0,0,0,0,0,0,0,0,0,0,0,0,0,0,0,0,0,0,0,0,0,0,0,0,0,0,0,0,,,,,,
Heavily indebted poor countries (HIPC),HPC,Electricity production from nuclear sources (% of total),EG.ELC.NUCL.ZS,,,,,,,,,,,,0,0,0,0,0,0,0,0,0,0,0,0,0,0,0,0,0,0,0,0,0,0,0,0,0,0,0,0,0,0,0,0,0,0,0,0,0,0,0,0,0,0,0,0,,,,,,
Croatia,HRV,Electricity production from nuclear sources (% of total),EG.ELC.NUCL.ZS,,,,,,,,,,,,,,,,,,,,,,,,,,,,,,,0,0,0,0,0,0,0,0,0,0,0,0,0,0,0,0,0,0,0,0,0,0,0,0,0,,,,,,
Haiti,HTI,Electricity production from nuclear sources (% of total),EG.ELC.NUCL.ZS,,,,,,,,,,,,0,0,0,0,0,0,0,0,0,0,0,0,0,0,0,0,0,0,0,0,0,0,0,0,0,0,0,0,0,0,0,0,0,0,0,0,0,0,0,0,0,0,0,0,,,,,,
Hungary,HUN,Electricity production from nuclear sources (% of total),EG.ELC.NUCL.ZS,,,,,,0,0,0,0,0,0,0,0,0,0,0,0,0,0,0,0,0,0,9.58898798,14.31775843,24.18271384,26.45381984,36.9289724,45.99254267,46.95919678,48.28738219,45.80983213,44.07132713,41.91402096,41.91854394,41.23111294,40.41037333,39.46097127,37.50739446,37.25946289,40.29439345,38.79170671,38.59003789,32.25362425,35.34769194,38.69001007,37.53869322,36.72922923,37.02186134,42.95978612,42.17441332,43.54646159,45.59838314,50.73611936,53.24237888,52.18508997,,,,,
IBRD only,IBD,Electricity production from nuclear sources (% of total),EG.ELC.NUCL.ZS,,,,,,,,,,,,0.112790791,0.098240365,0.190490993,0.312324002,0.523503123,0.680702843,0.572205626,0.617601275,0.581442886,0.530040395,0.658107372,0.607754648,0.751009465,0.971595744,1.10267469,1.002125438,0.915951765,1.07478696,0.98609058,5.992226513,5.857489906,5.746893491,5.669267754,5.297774887,5.380623775,5.731753479,5.709426879,5.420161674,5.51361942,5.616713827,5.718990329,5.70347423,5.712859632,5.374178094,5.141824145,4.944464405,4.673813736,4.626793921,4.477991795,4.302935337,4.269490067,4.211314225,4.06681441,4.205483642,0.091666131,,,,,
IDA & IBRD total,IBT,Electricity production from nuclear sources (% of total),EG.ELC.NUCL.ZS,,,,,,,,,,,,0.115843323,0.101070443,0.202196538,0.325770005,0.530714281,0.675745081,0.560782937,0.593827983,0.551841531,0.49986409,0.626245323,0.579445014,0.716943958,0.929624083,1.05190643,0.958794236,0.878964938,1.019721411,0.930227082,5.645412576,5.521847303,5.421741378,5.35186862,4.999914821,5.077565052,5.409273501,5.391842607,5.116389144,5.204010541,5.33329444,5.429210688,5.4033776,5.423304764,5.115450891,4.893086158,4.709092232,4.473085442,4.419374435,4.290089079,4.130838177,4.120119864,4.060801419,3.928249812,4.059779954,0.087633986,,,,,
IDA total,IDA,Electricity production from nuclear sources (% of total),EG.ELC.NUCL.ZS,,,,,,,,,,,,0.17135741,0.149422956,0.397328421,0.538788085,0.648459744,0.60280383,0.385661017,0.205894604,0.083872548,0.001546114,0.108963722,0.124143737,0.150984119,0.206881281,0.200991836,0.233130726,0.256345247,0.117431796,0.013139533,0.119702683,0.154283913,0.231052656,0.196798585,0.196830736,0.179000974,0.125263021,0.132824766,0.097918229,0.131084693,0.630694518,0.686361076,0.494639779,0.485733047,0.715261575,0.603722738,0.530402034,0.707945383,0.373310483,0.645503152,0.719560048,1.074001573,0.913444872,0.98823896,0.955589578,,,,,,
IDA blend,IDB,Electricity production from nuclear sources (% of total),EG.ELC.NUCL.ZS,,,,,,,,,,,,0.364381974,0.336414898,0.870776013,1.257417481,1.43809085,1.351949013,0.892079913,0.463263824,0.18286943,0.003501565,0.244913119,0.277227543,0.322529011,0.429075303,0.420876146,0.481435647,0.50633894,0.226524518,0.02527269,0.229358612,0.297256204,0.4339733,0.372921168,0.375975374,0.344390346,0.245913725,0.258984999,0.194114786,0.270616355,1.333477282,1.452734178,1.026792554,1.009025904,1.502266876,1.288556067,1.149370314,1.584726904,0.855474794,1.505384654,1.692531899,2.556278401,2.184020682,2.307408529,2.232611877,,,,,,
Indonesia,IDN,Electricity production from nuclear sources (% of total),EG.ELC.NUCL.ZS,,,,,,,,,,,,0,0,0,0,0,0,0,0,0,0,0,0,0,0,0,0,0,0,0,0,0,0,0,0,0,0,0,0,0,0,0,0,0,0,0,0,0,0,0,0,0,0,0,0,,,,,,
IDA only,IDX,Electricity production from nuclear sources (% of total),EG.ELC.NUCL.ZS,,,,,,,,,,,,0,0,0,0,0,0,0,0,0,0,0,0,0,0,0,0,0,0,0,0,0,0,0,0,0,0,0,0,0,0,0,0,0,0,0,0,0,0,0,0,0,0,0,0,,,,,,
Isle of Man,IMN,Electricity production from nuclear sources (% of total),EG.ELC.NUCL.ZS,,,,,,,,,,,,,,,,,,,,,,,,,,,,,,,,,,,,,,,,,,,,,,,,,,,,,,,,,,,,,
India,IND,Electricity production from nuclear sources (% of total),EG.ELC.NUCL.ZS,,,,,,,,,,,,1.792600627,1.606727551,3.291389637,2.876966014,3.056118055,3.401139988,2.296619764,2.515232137,2.55005717,2.492338613,2.282929041,1.429157066,2.333739182,2.370826328,2.677256752,2.462114712,2.269183274,2.38089391,1.701506155,2.097823265,1.730586113,1.99477432,1.495933157,1.445192458,1.884057971,2.047486519,2.133164649,2.366645426,2.427579383,2.966887138,3.311111905,3.176074771,2.731866812,2.487021028,2.420716098,2.429877072,2.058980309,1.759522841,2.031610091,2.681802217,3.00473879,2.926497419,2.874003318,2.790639431,,,,,,
Not classified,INX,Electricity production from nuclear sources (% of total),EG.ELC.NUCL.ZS,,,,,,,,,,,,,,,,,,,,,,,,,,,,,,,,,,,,,,,,,,,,,,,,,,,,,,,,,,,,,
Ireland,IRL,Electricity production from nuclear sources (% of total),EG.ELC.NUCL.ZS,0,0,0,0,0,0,0,0,0,0,0,0,0,0,0,0,0,0,0,0,0,0,0,0,0,0,0,0,0,0,0,0,0,0,0,0,0,0,0,0,0,0,0,0,0,0,0,0,0,0,0,0,0,0,0,0,,,,,
"Iran, Islamic Rep.",IRN,Electricity production from nuclear sources (% of total),EG.ELC.NUCL.ZS,,,,,,,,,,,,0,0,0,0,0,0,0,0,0,0,0,0,0,0,0,0,0,0,0,0,0,0,0,0,0,0,0,0,0,0,0,0,0,0,0,0,0,0,0,0,0.136220486,0.726376064,1.73224506,1.628497245,,,,,,
Iraq,IRQ,Electricity production from nuclear sources (% of total),EG.ELC.NUCL.ZS,,,,,,,,,,,,0,0,0,0,0,0,0,0,0,0,0,0,0,0,0,0,0,0,0,0,0,0,0,0,0,0,0,0,0,0,0,0,0,0,0,0,0,0,0,0,0,0,0,0,,,,,,
Iceland,ISL,Electricity production from nuclear sources (% of total),EG.ELC.NUCL.ZS,0,0,0,0,0,0,0,0,0,0,0,0,0,0,0,0,0,0,0,0,0,0,0,0,0,0,0,0,0,0,0,0,0,0,0,0,0,0,0,0,0,0,0,0,0,0,0,0,0,0,0,0,0,0,0,0,,,,,
Israel,ISR,Electricity production from nuclear sources (% of total),EG.ELC.NUCL.ZS,,,,,,,,,,,,0,0,0,0,0,0,0,0,0,0,0,0,0,0,0,0,0,0,0,0,0,0,0,0,0,0,0,0,0,0,0,0,0,0,0,0,0,0,0,0,0,0,0,0,0,,,,,
Italy,ITA,Electricity production from nuclear sources (% of total),EG.ELC.NUCL.ZS,0,0,0,0.454763045,3.146747749,4.249703368,4.321415787,3.275826232,2.495858,1.531766595,2.726273863,2.715461588,2.708112387,2.183217988,2.314155028,2.606703343,2.353152062,2.052037488,2.557778176,1.468164627,1.203440269,1.512679236,3.742039092,3.21083344,3.833864036,3.85432157,4.636438233,0.08774938,0,0,0,0,0,0,0,0,0,0,0,0,0,0,0,0,0,0,0,0,0,0,0,0,0,0,0,0,,,,,
Jamaica,JAM,Electricity production from nuclear sources (% of total),EG.ELC.NUCL.ZS,,,,,,,,,,,,0,0,0,0,0,0,0,0,0,0,0,0,0,0,0,0,0,0,0,0,0,0,0,0,0,0,0,0,0,0,0,0,0,0,0,0,0,0,0,0,0,0,0,0,,,,,,
Jordan,JOR,Electricity production from nuclear sources (% of total),EG.ELC.NUCL.ZS,,,,,,,,,,,,0,0,0,0,0,0,0,0,0,0,0,0,0,0,0,0,0,0,0,0,0,0,0,0,0,0,0,0,0,0,0,0,0,0,0,0,0,0,0,0,0,0,0,0,,,,,,
Japan,JPN,Electricity production from nuclear sources (% of total),EG.ELC.NUCL.ZS,0,0,0,0,0,0,0.279264603,0.246153846,0.367714653,0.349705929,1.296505073,2.08931836,2.231618511,2.085790965,4.310729666,5.310200234,6.721802316,5.980493831,10.63391493,12.02600198,14.42559442,15.13417753,17.69958909,18.602293,20.86921921,23.9268541,25.07867633,26.33311408,23.88058305,23.04050095,23.18152281,23.69326841,24.68432028,27.27229956,27.61648907,29.13073092,29.6545762,30.62836821,31.73279914,29.64727518,29.59758917,29.85069891,27.02754191,22.20327851,25.44655487,26.98463296,26.84276037,22.87438388,23.4420791,26.18477324,25.281914,9.471487621,1.508472202,0.878001822,0,0.911553166,,,,,
Kazakhstan,KAZ,Electricity production from nuclear sources (% of total),EG.ELC.NUCL.ZS,,,,,,,,,,,,,,,,,,,,,,,,,,,,,,,0,0,0,0,0,0,0,0,0,0,0,0,0,0,0,0,0,0,0,0,0,0,0,0,0,,,,,,
Kenya,KEN,Electricity production from nuclear sources (% of total),EG.ELC.NUCL.ZS,,,,,,,,,,,,0,0,0,0,0,0,0,0,0,0,0,0,0,0,0,0,0,0,0,0,0,0,0,0,0,0,0,0,0,0,0,0,0,0,0,0,0,0,0,0,0,0,0,0,,,,,,
Kyrgyz Republic,KGZ,Electricity production from nuclear sources (% of total),EG.ELC.NUCL.ZS,,,,,,,,,,,,,,,,,,,,,,,,,,,,,,,0,0,0,0,0,0,0,0,0,0,0,0,0,0,0,0,0,0,0,0,0,0,0,0,0,,,,,,
Cambodia,KHM,Electricity production from nuclear sources (% of total),EG.ELC.NUCL.ZS,,,,,,,,,,,,,,,,,,,,,,,,,,,,,,,,,,,,0,0,0,0,0,0,0,0,0,0,0,0,0,0,0,0,0,0,0,0,,,,,,
Kiribati,KIR,Electricity production from nuclear sources (% of total),EG.ELC.NUCL.ZS,,,,,,,,,,,,,,,,,,,,,,,,,,,,,,,,,,,,,,,,,,,,,,,,,,,,,,,,,,,,,
St. Kitts and Nevis,KNA,Electricity production from nuclear sources (% of total),EG.ELC.NUCL.ZS,,,,,,,,,,,,,,,,,,,,,,,,,,,,,,,,,,,,,,,,,,,,,,,,,,,,,,,,,,,,,
"Korea, Rep.",KOR,Electricity production from nuclear sources (% of total),EG.ELC.NUCL.ZS,,,,,,,,,,,,0,0,0,0,0,0,0.267047805,7.375436369,8.853932584,9.336985419,7.205213023,8.758870182,18.35209826,21.91495688,28.86720568,44.30863135,54.08298025,47.59084759,50.55232403,50.19122909,49.72054214,45.44066107,40.64599574,36.25714003,37.00417911,36.48675995,34.70560163,41.50942523,43.74607379,37.76574728,36.2729146,36.11326727,37.78420763,35.65486127,37.84192805,36.97740324,33.56077059,34.00445109,32.71615051,29.91556577,29.75139072,28.31363538,25.80150997,28.65300275,29.99894397,,,,,
Kuwait,KWT,Electricity production from nuclear sources (% of total),EG.ELC.NUCL.ZS,,,,,,,,,,,,0,0,0,0,0,0,0,0,0,0,0,0,0,0,0,0,0,0,0,0,0,0,0,0,0,0,0,0,0,0,0,0,0,0,0,0,0,0,0,0,0,0,0,0,,,,,,
Latin America & Caribbean (excluding high income),LAC,Electricity production from nuclear sources (% of total),EG.ELC.NUCL.ZS,,,,,,,,,,,,0,0,0,0.572459309,1.297790476,1.209302525,0.696724375,1.128297075,0.94626313,0.760249811,0.884750944,0.551504793,0.955492943,1.629717855,2.220272525,1.325251646,1.598964064,1.318131688,1.428970686,2.427804167,2.474791078,2.304985945,2.245752705,2.022615158,2.758990848,2.590800235,2.967876345,2.61352364,2.647488193,2.43516307,3.652456136,3.461833302,3.483470359,3.047653276,2.81150844,3.173837145,2.827029221,2.817612561,2.856069659,2.345769707,2.596211341,2.438821881,2.56060188,2.316856325,0.860686388,,,,,
Lao PDR,LAO,Electricity production from nuclear sources (% of total),EG.ELC.NUCL.ZS,,,,,,,,,,,,,,,,,,,,,,,,,,,,,,,,,,,,,,,,,,,,,,,,,,,,,,,,,,,,,
Lebanon,LBN,Electricity production from nuclear sources (% of total),EG.ELC.NUCL.ZS,,,,,,,,,,,,0,0,0,0,0,0,0,0,0,0,0,0,0,0,0,0,0,0,0,0,0,0,0,0,0,0,0,0,0,0,0,0,0,0,0,0,0,0,0,0,0,0,0,0,,,,,,
Liberia,LBR,Electricity production from nuclear sources (% of total),EG.ELC.NUCL.ZS,,,,,,,,,,,,,,,,,,,,,,,,,,,,,,,,,,,,,,,,,,,,,,,,,,,,,,,,,,,,,
Libya,LBY,Electricity production from nuclear sources (% of total),EG.ELC.NUCL.ZS,,,,,,,,,,,,0,0,0,0,0,0,0,0,0,0,0,0,0,0,0,0,0,0,0,0,0,0,0,0,0,0,0,0,0,0,0,0,0,0,0,0,0,0,0,0,0,0,0,0,,,,,,
St. Lucia,LCA,Electricity production from nuclear sources (% of total),EG.ELC.NUCL.ZS,,,,,,,,,,,,,,,,,,,,,,,,,,,,,,,,,,,,,,,,,,,,,,,,,,,,,,,,,,,,,
Latin America & Caribbean,LCN,Electricity production from nuclear sources (% of total),EG.ELC.NUCL.ZS,,,,,,,,,,,,0,0,0,0.478879293,1.093430081,1.021295122,0.589347453,0.954417254,0.79575545,0.633316829,0.733439664,0.459040017,0.789679858,1.355407588,1.85704154,1.109972133,1.33611551,1.099184285,1.201056132,2.030099707,2.068983751,1.906917814,1.866592561,1.688798574,2.309777398,2.16919748,2.488354896,2.188017459,2.22878843,2.050410078,3.037764479,2.883485921,2.918980522,2.549883892,2.344302519,2.648387847,2.351849062,2.347700136,2.378019038,1.975270819,2.187764874,2.053186391,2.153197211,1.94704151,0.726891282,,,,,
Least developed countries: UN classification,LDC,Electricity production from nuclear sources (% of total),EG.ELC.NUCL.ZS,,,,,,,,,,,,0,0,0,0,0,0,0,0,0,0,0,0,0,0,0,0,0,0,0,0,0,0,0,0,0,0,0,0,0,0,0,0,0,0,0,0,0,0,0,0,0,0,0,0,,,,,,
Low income,LIC,Electricity production from nuclear sources (% of total),EG.ELC.NUCL.ZS,,,,,,,,,,,,0,0,0,0,0,0,0,0,0,0,0,0,0,0,0,0,0,0,0,0,0,0,0,0,0,0,0,0,0,0,0,0,0,0,0,0,0,0,0,0,0,0,0,0,,,,,,
Liechtenstein,LIE,Electricity production from nuclear sources (% of total),EG.ELC.NUCL.ZS,,,,,,,,,,,,,,,,,,,,,,,,,,,,,,,,,,,,,,,,,,,,,,,,,,,,,,,,,,,,,
Sri Lanka,LKA,Electricity production from nuclear sources (% of total),EG.ELC.NUCL.ZS,,,,,,,,,,,,0,0,0,0,0,0,0,0,0,0,0,0,0,0,0,0,0,0,0,0,0,0,0,0,0,0,0,0,0,0,0,0,0,0,0,0,0,0,0,0,0,0,0,0,,,,,,
Lower middle income,LMC,Electricity production from nuclear sources (% of total),EG.ELC.NUCL.ZS,,,,,,,,,,,,0.605414321,0.528187192,1.057886126,0.967964023,1.057570583,1.148668261,0.750930166,0.772343196,0.713323653,0.677331119,0.655214688,0.422646375,0.672517614,0.714743432,0.799805607,0.754508239,0.703501819,0.708552827,0.500128007,8.225517606,7.889856626,7.849389939,7.714033271,6.938022131,6.974194719,7.609087179,7.337544387,6.875821244,6.348867602,6.807700843,6.631702151,6.40878848,6.153550638,6.156011254,5.948135784,5.732376795,5.527180092,5.085637937,4.78318564,5.07052643,5.097689932,4.889868162,4.579918487,4.560699157,,,,,,
Low & middle income,LMY,Electricity production from nuclear sources (% of total),EG.ELC.NUCL.ZS,,,,,,,,,,,,0.127098054,0.110924528,0.22204625,0.358850762,0.580746148,0.739336281,0.612729595,0.647188286,0.599439767,0.543291862,0.67453991,0.62181414,0.771361021,0.998410731,1.124720851,1.021389049,0.934886256,1.078477891,0.978290635,5.910575626,5.784348821,5.691145113,5.621748868,5.248966282,5.328938637,5.681691242,5.660807182,5.377222183,5.457444813,5.58548664,5.686117922,5.647408087,5.657956675,5.328371289,5.091078875,4.890713019,4.637570154,4.575560571,4.437016934,4.261728836,4.246337245,4.181744716,4.042894531,4.173426964,0.090029715,,,,,
Lesotho,LSO,Electricity production from nuclear sources (% of total),EG.ELC.NUCL.ZS,,,,,,,,,,,,,,,,,,,,,,,,,,,,,,,,,,,,,,,,,,,,,,,,,,,,,,,,,,,,,
Late-demographic dividend,LTE,Electricity production from nuclear sources (% of total),EG.ELC.NUCL.ZS,,,,,,,,,,,,0,0.000356908,0.025153579,0.050040822,0.017484841,0.038420844,0.009128716,0.001381644,0.14459402,0.284663275,0.317206627,0.3432248,0.339726702,0.457248058,0.616685511,0.536201641,0.53263389,0.484737492,0.53432687,4.945337348,4.89038783,4.828158048,4.75109024,4.422844393,4.298762861,4.613037666,4.613630021,4.43488452,4.895103519,5.078872933,5.294453503,5.331518856,5.48218159,5.024040097,4.775724356,4.589883895,4.349199777,4.412260439,4.244201376,4.02085306,3.940787753,3.949875214,3.819672913,4.016460447,0.165433948,,,,,
Lithuania,LTU,Electricity production from nuclear sources (% of total),EG.ELC.NUCL.ZS,,,,,,,,,,,,,,,,,,,,,,,,,,,,,,,59.96479493,57.89599155,78.91956006,87.98622075,78.99538698,87.4408284,85.84446771,83.56964137,79.01824754,75.34571014,75.70362377,79.11154435,81.77402567,82.23921819,80.53540956,71.71002428,71.63202782,72.99925761,74.24026413,74.11049648,0,0,0,0,0,,,,,,
Luxembourg,LUX,Electricity production from nuclear sources (% of total),EG.ELC.NUCL.ZS,0,0,0,0,0,0,0,0,0,0,0,0,0,0,0,0,0,0,0,0,0,0,0,0,0,0,0,0,0,0,0,0,0,0,0,0,0,0,0,0,0,0,0,0,0,0,0,0,0,0,0,0,0,0,0,0,,,,,
Latvia,LVA,Electricity production from nuclear sources (% of total),EG.ELC.NUCL.ZS,,,,,,,,,,,,,,,,,,,,,,,,,,,,,,,0,0,0,0,0,0,0,0,0,0,0,0,0,0,0,0,0,0,0,0,0,0,0,0,0,,,,,,
"Macao SAR, China",MAC,Electricity production from nuclear sources (% of total),EG.ELC.NUCL.ZS,,,,,,,,,,,,,,,,,,,,,,,,,,,,,,,,,,,,,,,,,,,,,,,,,,,,,,,,,,,,,
St. Martin (French part),MAF,Electricity production from nuclear sources (% of total),EG.ELC.NUCL.ZS,,,,,,,,,,,,,,,,,,,,,,,,,,,,,,,,,,,,,,,,,,,,,,,,,,,,,,,,,,,,,
Morocco,MAR,Electricity production from nuclear sources (% of total),EG.ELC.NUCL.ZS,,,,,,,,,,,,0,0,0,0,0,0,0,0,0,0,0,0,0,0,0,0,0,0,0,0,0,0,0,0,0,0,0,0,0,0,0,0,0,0,0,0,0,0,0,0,0,0,0,0,,,,,,
Monaco,MCO,Electricity production from nuclear sources (% of total),EG.ELC.NUCL.ZS,,,,,,,,,,,,,,,,,,,,,,,,,,,,,,,,,,,,,,,,,,,,,,,,,,,,,,,,,,,,,
Moldova,MDA,Electricity production from nuclear sources (% of total),EG.ELC.NUCL.ZS,,,,,,,,,,,,,,,,,,,,,,,,,,,,,,,0,0,0,0,0,0,0,0,0,0,0,0,0,0,0,0,0,0,0,0,0,0,0,0,0,,,,,,
Madagascar,MDG,Electricity production from nuclear sources (% of total),EG.ELC.NUCL.ZS,,,,,,,,,,,,,,,,,,,,,,,,,,,,,,,,,,,,,,,,,,,,,,,,,,,,,,,,,,,,,
Maldives,MDV,Electricity production from nuclear sources (% of total),EG.ELC.NUCL.ZS,,,,,,,,,,,,,,,,,,,,,,,,,,,,,,,,,,,,,,,,,,,,,,,,,,,,,,,,,,,,,
Middle East & North Africa,MEA,Electricity production from nuclear sources (% of total),EG.ELC.NUCL.ZS,,,,,,,,,,,,0,0,0,0,0,0,0,0,0,0,0,0,0,0,0,0,0,0,0,0,0,0,0,0,0,0,0,0,0,0,0,0,0,0,0,0,0,0,0,0,0.027271167,0.145770517,0.347699069,0.322004538,0,,,,,
Mexico,MEX,Electricity production from nuclear sources (% of total),EG.ELC.NUCL.ZS,,,,,,,,,,,,0,0,0,0,0,0,0,0,0,0,0,0,0,0,0,0,0,0,0.316044348,2.535459309,3.299369993,2.949632707,3.634474066,2.881105953,5.545557249,4.995846307,6.242648947,5.082170441,5.222703775,3.997082776,4.077798755,4.466572878,4.445912022,3.8698055,4.308763479,4.214862569,3.92842064,3.640346806,3.92188352,2.133651742,3.332441511,2.854557527,3.968707748,3.209661156,3.720856983,,,,,
Marshall Islands,MHL,Electricity production from nuclear sources (% of total),EG.ELC.NUCL.ZS,,,,,,,,,,,,,,,,,,,,,,,,,,,,,,,,,,,,,,,,,,,,,,,,,,,,,,,,,,,,,
Middle income,MIC,Electricity production from nuclear sources (% of total),EG.ELC.NUCL.ZS,,,,,,,,,,,,0.131647842,0.114707915,0.229242705,0.370209027,0.598111819,0.760523876,0.629389089,0.663999122,0.614081343,0.556142487,0.690087771,0.636237684,0.789232084,1.020251865,1.149464283,1.042267336,0.952886611,1.09952917,0.997840912,6.020459812,5.889301758,5.793425914,5.717787449,5.341659529,5.423692493,5.780529991,5.755890414,5.471779576,5.55660925,5.689845993,5.795110431,5.753963443,5.760807131,5.425023857,5.184074931,4.978496934,4.718682436,4.655570494,4.514810377,4.334979411,4.31336846,4.243822313,4.098429166,4.229589171,0.091186295,,,,,
North Macedonia,MKD,Electricity production from nuclear sources (% of total),EG.ELC.NUCL.ZS,,,,,,,,,,,,,,,,,,,,,,,,,,,,,,,0,0,0,0,0,0,0,0,0,0,0,0,0,0,0,0,0,0,0,0,0,0,0,0,0,,,,,,
Mali,MLI,Electricity production from nuclear sources (% of total),EG.ELC.NUCL.ZS,,,,,,,,,,,,,,,,,,,,,,,,,,,,,,,,,,,,,,,,,,,,,,,,,,,,,,,,,,,,,
Malta,MLT,Electricity production from nuclear sources (% of total),EG.ELC.NUCL.ZS,,,,,,,,,,,,0,0,0,0,0,0,0,0,0,0,0,0,0,0,0,0,0,0,0,0,0,0,0,0,0,0,0,0,0,0,0,0,0,0,0,0,0,0,0,0,0,0,0,0,,,,,,
Myanmar,MMR,Electricity production from nuclear sources (% of total),EG.ELC.NUCL.ZS,,,,,,,,,,,,0,0,0,0,0,0,0,0,0,0,0,0,0,0,0,0,0,0,0,0,0,0,0,0,0,0,0,0,0,0,0,0,0,0,0,0,0,0,0,0,0,0,0,0,,,,,,
Middle East & North Africa (excluding high income),MNA,Electricity production from nuclear sources (% of total),EG.ELC.NUCL.ZS,,,,,,,,,,,,0,0,0,0,0,0,0,0,0,0,0,0,0,0,0,0,0,0,0,0,0,0,0,0,0,0,0,0,0,0,0,0,0,0,0,0,0,0,0,0,0.049994231,0.271348195,0.643632447,0.606291679,,,,,,
Montenegro,MNE,Electricity production from nuclear sources (% of total),EG.ELC.NUCL.ZS,,,,,,,,,,,,,,,,,,,,,,,,,,,,,,,,,,,,,,,,,,,,,,0,0,0,0,0,0,0,0,0,0,,,,,,
Mongolia,MNG,Electricity production from nuclear sources (% of total),EG.ELC.NUCL.ZS,,,,,,,,,,,,,,,,,,,,,,,,,,0,0,0,0,0,0,0,0,0,0,0,0,0,0,0,0,0,0,0,0,0,0,0,0,0,0,0,0,0,0,,,,,,
Northern Mariana Islands,MNP,Electricity production from nuclear sources (% of total),EG.ELC.NUCL.ZS,,,,,,,,,,,,,,,,,,,,,,,,,,,,,,,,,,,,,,,,,,,,,,,,,,,,,,,,,,,,,
Mozambique,MOZ,Electricity production from nuclear sources (% of total),EG.ELC.NUCL.ZS,,,,,,,,,,,,0,0,0,0,0,0,0,0,0,0,0,0,0,0,0,0,0,0,0,0,0,0,0,0,0,0,0,0,0,0,0,0,0,0,0,0,0,0,0,0,0,0,0,0,,,,,,
Mauritania,MRT,Electricity production from nuclear sources (% of total),EG.ELC.NUCL.ZS,,,,,,,,,,,,,,,,,,,,,,,,,,,,,,,,,,,,,,,,,,,,,,,,,,,,,,,,,,,,,
Mauritius,MUS,Electricity production from nuclear sources (% of total),EG.ELC.NUCL.ZS,,,,,,,,,,,,0,0,0,0,0,0,0,0,0,0,0,0,0,0,0,0,0,0,0,0,0,0,0,0,0,0,0,0,0,0,0,0,0,0,0,0,0,0,0,0,0,0,0,0,,,,,,
Malawi,MWI,Electricity production from nuclear sources (% of total),EG.ELC.NUCL.ZS,,,,,,,,,,,,,,,,,,,,,,,,,,,,,,,,,,,,,,,,,,,,,,,,,,,,,,,,,,,,,
Malaysia,MYS,Electricity production from nuclear sources (% of total),EG.ELC.NUCL.ZS,,,,,,,,,,,,0,0,0,0,0,0,0,0,0,0,0,0,0,0,0,0,0,0,0,0,0,0,0,0,0,0,0,0,0,0,0,0,0,0,0,0,0,0,0,0,0,0,0,0,,,,,,
North America,NAC,Electricity production from nuclear sources (% of total),EG.ELC.NUCL.ZS,0.06047768,0.189134069,0.23725199,0.321907774,0.315905476,0.319228494,0.442449182,0.536081904,0.901504316,0.895325451,1.328157744,2.326997203,3.099123353,4.668831219,6.0641415,8.565419532,9.026069826,11.43684156,12.18527749,11.2404758,10.85781242,11.63433408,12.22619452,12.59254485,13.3119477,15.15923453,16.40584432,17.41455256,19.06076011,17.66466482,18.5695415,19.50421332,19.42121155,18.87545051,19.62355053,19.69948927,19.11925042,17.63069845,17.9859904,18.97633582,18.78753724,19.62068341,19.00927649,18.5680905,19.0258287,18.45572599,18.70130709,18.77253124,18.76280974,19.26483814,18.74035249,18.42850982,18.24957379,18.67884593,18.80538658,18.80566446,,,,,
Namibia,NAM,Electricity production from nuclear sources (% of total),EG.ELC.NUCL.ZS,,,,,,,,,,,,,,,,,,,,,,,,,,,,,,,,0,0,0,0,0,0,0,0,0,0,0,0,0,0,0,0,0,0,0,0,0,0,0,0,,,,,,
New Caledonia,NCL,Electricity production from nuclear sources (% of total),EG.ELC.NUCL.ZS,,,,,,,,,,,,,,,,,,,,,,,,,,,,,,,,,,,,,,,,,,,,,,,,,,,,,,,,,,,,,
Niger,NER,Electricity production from nuclear sources (% of total),EG.ELC.NUCL.ZS,,,,,,,,,,,,,,,,,,,,,,,,,,,,,,,,,,,,,,,,,0,0,0,0,0,0,0,0,0,0,0,0,0,0,0,,,,,,
Nigeria,NGA,Electricity production from nuclear sources (% of total),EG.ELC.NUCL.ZS,,,,,,,,,,,,0,0,0,0,0,0,0,0,0,0,0,0,0,0,0,0,0,0,0,0,0,0,0,0,0,0,0,0,0,0,0,0,0,0,0,0,0,0,0,0,0,0,0,0,,,,,,
Nicaragua,NIC,Electricity production from nuclear sources (% of total),EG.ELC.NUCL.ZS,,,,,,,,,,,,0,0,0,0,0,0,0,0,0,0,0,0,0,0,0,0,0,0,0,0,0,0,0,0,0,0,0,0,0,0,0,0,0,0,0,0,0,0,0,0,0,0,0,0,,,,,,
Netherlands,NLD,Electricity production from nuclear sources (% of total),EG.ELC.NUCL.ZS,0,0,0,0,0,0,0,0,0.083286237,0.848050829,0.900680405,0.901924105,0.657908014,2.105383168,5.984185826,6.146559033,6.660130382,6.365164877,6.5913371,5.412323157,6.4808814,5.710895665,6.461400716,6.016764459,5.911306509,6.194099798,6.277733107,5.197386691,5.279338036,5.501711157,4.866051578,4.475424823,4.918648148,5.116707059,4.96700765,4.950287678,4.869882818,2.783075021,4.185918894,4.418819188,4.380180964,4.245006032,4.078932289,4.150054742,3.776157449,4.000160126,3.509961248,3.993724148,3.876264505,3.736443518,3.327743775,3.633635478,3.790005615,2.841668633,3.955791062,3.508676297,,,,,
Norway,NOR,Electricity production from nuclear sources (% of total),EG.ELC.NUCL.ZS,0,0,0,0,0,0,0,0,0,0,0,0,0,0,0,0,0,0,0,0,0,0,0,0,0,0,0,0,0,0,0,0,0,0,0,0,0,0,0,0,0,0,0,0,0,0,0,0,0,0,0,0,0,0,0,0,,,,,
Nepal,NPL,Electricity production from nuclear sources (% of total),EG.ELC.NUCL.ZS,,,,,,,,,,,,0,0,0,0,0,0,0,0,0,0,0,0,0,0,0,0,0,0,0,0,0,0,0,0,0,0,0,0,0,0,0,0,0,0,0,0,0,0,0,0,0,0,0,0,,,,,,
Nauru,NRU,Electricity production from nuclear sources (% of total),EG.ELC.NUCL.ZS,,,,,,,,,,,,,,,,,,,,,,,,,,,,,,,,,,,,,,,,,,,,,,,,,,,,,,,,,,,,,
New Zealand,NZL,Electricity production from nuclear sources (% of total),EG.ELC.NUCL.ZS,0,0,0,0,0,0,0,0,0,0,0,0,0,0,0,0,0,0,0,0,0,0,0,0,0,0,0,0,0,0,0,0,0,0,0,0,0,0,0,0,0,0,0,0,0,0,0,0,0,0,0,0,0,0,0,0,,,,,
OECD members,OED,Electricity production from nuclear sources (% of total),EG.ELC.NUCL.ZS,0.168968317,0.254065146,0.340186695,0.506312709,0.65526194,0.965473241,1.226568562,1.380261994,1.604977437,1.752038335,1.998484415,2.672013745,3.377112984,4.168160577,5.292133003,7.188677637,7.730241227,9.232658493,10.33118954,10.22566852,10.81520338,12.57907315,13.59121356,14.77465403,16.86230622,19.37132692,20.84373278,21.53419144,22.40739089,21.93277405,22.56137253,23.20514366,23.31048612,23.56929032,23.65891241,23.89308847,23.88055371,23.23617156,23.27738053,23.52361211,22.95771177,23.56530568,22.94450962,22.17383103,22.54872162,22.23679086,22.14926383,21.00660304,21.00172707,21.42397517,20.84184678,19.09602253,17.87694825,17.95331606,18.16808654,18.03311468,,,,,
Oman,OMN,Electricity production from nuclear sources (% of total),EG.ELC.NUCL.ZS,,,,,,,,,,,,0,0,0,0,0,0,0,0,0,0,0,0,0,0,0,0,0,0,0,0,0,0,0,0,0,0,0,0,0,0,0,0,0,0,0,0,0,0,0,0,0,0,0,0,,,,,,
Other small states,OSS,Electricity production from nuclear sources (% of total),EG.ELC.NUCL.ZS,,,,,,,,,,,,0,0,0,0,0,0,0,0,0,0,0,0,0,0,0,0,0,0,0,0,0,0,0,0,0,0,0,0,0,0,0,0,0,0,0,0,0,0,0,0,0,0,0,0,0,,,,,
Pakistan,PAK,Electricity production from nuclear sources (% of total),EG.ELC.NUCL.ZS,,,,,,,,,,,,1.373481247,1.373481247,3.628984123,5.063989409,6.08590685,5.910852713,3.870552542,1.866666667,0.747848173,0.013356485,0.93388121,1.034599729,1.157536681,1.481278288,1.504151632,1.680409551,1.748946103,0.767580309,0.086702696,0.777745335,0.93728698,1.192378611,0.981321328,0.954159276,0.848008146,0.585200846,0.603330384,0.434064926,0.606567346,2.931763462,3.163053983,2.298425446,2.177409378,3.264081094,2.65302417,2.329630497,3.216566835,1.766067063,3.034910914,3.623495508,5.536859817,4.736540962,4.890656828,4.757542902,,,,,,
Panama,PAN,Electricity production from nuclear sources (% of total),EG.ELC.NUCL.ZS,,,,,,,,,,,,0,0,0,0,0,0,0,0,0,0,0,0,0,0,0,0,0,0,0,0,0,0,0,0,0,0,0,0,0,0,0,0,0,0,0,0,0,0,0,0,0,0,0,0,,,,,,
Peru,PER,Electricity production from nuclear sources (% of total),EG.ELC.NUCL.ZS,,,,,,,,,,,,0,0,0,0,0,0,0,0,0,0,0,0,0,0,0,0,0,0,0,0,0,0,0,0,0,0,0,0,0,0,0,0,0,0,0,0,0,0,0,0,0,0,0,0,,,,,,
Philippines,PHL,Electricity production from nuclear sources (% of total),EG.ELC.NUCL.ZS,,,,,,,,,,,,0,0,0,0,0,0,0,0,0,0,0,0,0,0,0,0,0,0,0,0,0,0,0,0,0,0,0,0,0,0,0,0,0,0,0,0,0,0,0,0,0,0,0,0,,,,,,
Palau,PLW,Electricity production from nuclear sources (% of total),EG.ELC.NUCL.ZS,,,,,,,,,,,,,,,,,,,,,,,,,,,,,,,,,,,,,,,,,,,,,,,,,,,,,,,,,,,,,
Papua New Guinea,PNG,Electricity production from nuclear sources (% of total),EG.ELC.NUCL.ZS,,,,,,,,,,,,,,,,,,,,,,,,,,,,,,,,,,,,,,,,,,,,,,,,,,,,,,,,,,,,,
Poland,POL,Electricity production from nuclear sources (% of total),EG.ELC.NUCL.ZS,0,0,0,0,0,0,0,0,0,0,0,0,0,0,0,0,0,0,0,0,0,0,0,0,0,0,0,0,0,0,0,0,0,0,0,0,0,0,0,0,0,0,0,0,0,0,0,0,0,0,0,0,0,0,0,0,,,,,
Pre-demographic dividend,PRE,Electricity production from nuclear sources (% of total),EG.ELC.NUCL.ZS,,,,,,,,,,,,0,0,0,0,0,0,0,0,0,0,0,0,0,0,0,0,0,0,0,0,0,0,0,0,0,0,0,0,0,0,0,0,0,0,0,0,0,0,0,0,0,0,0,0,,,,,,
Puerto Rico,PRI,Electricity production from nuclear sources (% of total),EG.ELC.NUCL.ZS,,,,,,,,,,,,,,,,,,,,,,,,,,,,,,,,,,,,,,,,,,,,,,,,,,,,,,,,,,,,,
"Korea, Dem. People's Rep.",PRK,Electricity production from nuclear sources (% of total),EG.ELC.NUCL.ZS,,,,,,,,,,,,0,0,0,0,0,0,0,0,0,0,0,0,0,0,0,0,0,0,0,0,0,0,0,0,0,0,0,0,0,0,0,0,0,0,0,0,0,0,0,0,0,0,0,0,,,,,,
Portugal,PRT,Electricity production from nuclear sources (% of total),EG.ELC.NUCL.ZS,0,0,0,0,0,0,0,0,0,0,0,0,0,0,0,0,0,0,0,0,0,0,0,0,0,0,0,0,0,0,0,0,0,0,0,0,0,0,0,0,0,0,0,0,0,0,0,0,0,0,0,0,0,0,0,0,,,,,
Paraguay,PRY,Electricity production from nuclear sources (% of total),EG.ELC.NUCL.ZS,,,,,,,,,,,,0,0,0,0,0,0,0,0,0,0,0,0,0,0,0,0,0,0,0,0,0,0,0,0,0,0,0,0,0,0,0,0,0,0,0,0,0,0,0,0,0,0,0,0,,,,,,
West Bank and Gaza,PSE,Electricity production from nuclear sources (% of total),EG.ELC.NUCL.ZS,,,,,,,,,,,,,,,,,,,,,,,,,,,,,,,,,,,,,,,,,,,,,,,,,,,,,,,,,,,,,
Pacific island small states,PSS,Electricity production from nuclear sources (% of total),EG.ELC.NUCL.ZS,,,,,,,,,,,,,,,,,,,,,,,,,,,,,,,,,,,,,,,,,,,,,,,,,,,,,,,,,,,,,
Post-demographic dividend,PST,Electricity production from nuclear sources (% of total),EG.ELC.NUCL.ZS,0.1663092,0.250244992,0.335262743,0.498722097,0.645731558,0.951603331,1.209123935,1.361270003,1.582814767,1.727774104,1.97051787,2.636443634,3.333513391,4.11226327,5.252410963,7.178104436,7.757200898,9.276332408,10.37074386,10.23418426,10.78960595,12.57387499,13.62011194,14.81364254,16.89167001,19.39104808,20.84175479,21.55376104,22.45964673,21.94347124,23.49505951,24.17413524,24.38526765,24.78124177,24.95814657,25.25866677,25.40824035,24.7643507,24.81428947,25.00945192,24.51277586,25.16489574,24.50799917,23.77001422,24.22254137,23.92677816,23.89955496,22.74416249,22.74602259,23.22494144,22.66287581,20.92338192,19.69017796,19.65664304,19.99759013,18.92532617,,,,,
French Polynesia,PYF,Electricity production from nuclear sources (% of total),EG.ELC.NUCL.ZS,,,,,,,,,,,,,,,,,,,,,,,,,,,,,,,,,,,,,,,,,,,,,,,,,,,,,,,,,,,,,
Qatar,QAT,Electricity production from nuclear sources (% of total),EG.ELC.NUCL.ZS,,,,,,,,,,,,0,0,0,0,0,0,0,0,0,0,0,0,0,0,0,0,0,0,0,0,0,0,0,0,0,0,0,0,0,0,0,0,0,0,0,0,0,0,0,0,0,0,0,0,,,,,,
Romania,ROU,Electricity production from nuclear sources (% of total),EG.ELC.NUCL.ZS,,,,,,,,,,,,0,0,0,0,0,0,0,0,0,0,0,0,0,0,0,0,0,0,0,0,0,0,0,0,0,2.259168704,9.449149577,9.920367878,10.2504437,10.50564178,10.11027364,10.07216589,8.897352194,9.819642826,9.349805598,8.982885944,12.49979732,17.28246813,20.35295544,19.17385638,18.94707979,19.50862626,19.84761514,17.90742615,,,,,,
Russian Federation,RUS,Electricity production from nuclear sources (% of total),EG.ELC.NUCL.ZS,,,,,,,,,,,,,,,,,,,,,,,,,,,,,,,10.93238288,11.23274257,11.86236303,12.47104223,11.18094918,11.58661088,12.88470584,13.02224985,12.74768848,14.41703821,14.91383599,15.39749453,15.92568188,16.44289577,15.56148209,15.71198927,15.74016592,15.79229899,15.70494332,16.52288532,16.44748271,16.42363113,16.60262243,16.31144046,17.0150979,,,,,,
Rwanda,RWA,Electricity production from nuclear sources (% of total),EG.ELC.NUCL.ZS,,,,,,,,,,,,,,,,,,,,,,,,,,,,,,,,,,,,,,,,,,,,,,,,,,,,,,,,,,,,,
South Asia,SAS,Electricity production from nuclear sources (% of total),EG.ELC.NUCL.ZS,,,,,,,,,,,,1.687601898,1.527834563,3.195695085,2.984225048,3.242445692,3.50897174,2.357460588,2.35458207,2.254188151,2.131051163,2.051097478,1.327329068,2.106082599,2.175289456,2.438223646,2.2739694,2.114536367,2.09344228,1.454459978,1.863093975,1.570260027,1.813328774,1.37234181,1.327907021,1.68613419,1.796452757,1.873738015,2.053297051,2.134030581,2.827574237,3.140784806,2.931847035,2.542861174,2.437888964,2.315499033,2.286789139,2.061416979,1.660872397,2.00690028,2.606161414,3.027579584,2.889288025,2.856706928,2.771190322,,,,,,
Saudi Arabia,SAU,Electricity production from nuclear sources (% of total),EG.ELC.NUCL.ZS,,,,,,,,,,,,0,0,0,0,0,0,0,0,0,0,0,0,0,0,0,0,0,0,0,0,0,0,0,0,0,0,0,0,0,0,0,0,0,0,0,0,0,0,0,0,0,0,0,0,,,,,,
Sudan,SDN,Electricity production from nuclear sources (% of total),EG.ELC.NUCL.ZS,,,,,,,,,,,,0,0,0,0,0,0,0,0,0,0,0,0,0,0,0,0,0,0,0,0,0,0,0,0,0,0,0,0,0,0,0,0,0,0,0,0,0,0,0,0,0,0,0,0,,,,,,
Senegal,SEN,Electricity production from nuclear sources (% of total),EG.ELC.NUCL.ZS,,,,,,,,,,,,0,0,0,0,0,0,0,0,0,0,0,0,0,0,0,0,0,0,0,0,0,0,0,0,0,0,0,0,0,0,0,0,0,0,0,0,0,0,0,0,0,0,0,0,,,,,,
Singapore,SGP,Electricity production from nuclear sources (% of total),EG.ELC.NUCL.ZS,,,,,,,,,,,,0,0,0,0,0,0,0,0,0,0,0,0,0,0,0,0,0,0,0,0,0,0,0,0,0,0,0,0,0,0,0,0,0,0,0,0,0,0,0,0,0,0,0,0,,,,,,
Solomon Islands,SLB,Electricity production from nuclear sources (% of total),EG.ELC.NUCL.ZS,,,,,,,,,,,,,,,,,,,,,,,,,,,,,,,,,,,,,,,,,,,,,,,,,,,,,,,,,,,,,
Sierra Leone,SLE,Electricity production from nuclear sources (% of total),EG.ELC.NUCL.ZS,,,,,,,,,,,,,,,,,,,,,,,,,,,,,,,,,,,,,,,,,,,,,,,,,,,,,,,,,,,,,
El Salvador,SLV,Electricity production from nuclear sources (% of total),EG.ELC.NUCL.ZS,,,,,,,,,,,,0,0,0,0,0,0,0,0,0,0,0,0,0,0,0,0,0,0,0,0,0,0,0,0,0,0,0,0,0,0,0,0,0,0,0,0,0,0,0,0,0,0,0,0,,,,,,
San Marino,SMR,Electricity production from nuclear sources (% of total),EG.ELC.NUCL.ZS,,,,,,,,,,,,,,,,,,,,,,,,,,,,,,,,,,,,,,,,,,,,,,,,,,,,,,,,,,,,,
Somalia,SOM,Electricity production from nuclear sources (% of total),EG.ELC.NUCL.ZS,,,,,,,,,,,,,,,,,,,,,,,,,,,,,,,,,,,,,,,,,,,,,,,,,,,,,,,,,,,,,
Serbia,SRB,Electricity production from nuclear sources (% of total),EG.ELC.NUCL.ZS,,,,,,,,,,,,,,,,,,,,,,,,,,,,,,,0,0,0,0,0,0,0,0,0,0,0,0,0,0,0,0,0,0,0,0,0,0,0,0,0,,,,,,
Sub-Saharan Africa (excluding high income),SSA,Electricity production from nuclear sources (% of total),EG.ELC.NUCL.ZS,,,,,,,,,,,,0,0,0,0,0,0,0,0,0,0,0,0,0,1.97990681,2.521293016,4.009455849,2.730002863,4.443732795,4.530779028,3.354181623,3.5792825,3.651205178,2.763904423,3.581811031,4.035699132,3.975236848,4.117212185,4.456270388,4.157897408,4.059861134,3.266122735,3.431874494,3.514068704,3.499901333,2.907380891,2.481513627,2.716667774,3.156487848,3.148667381,2.794872648,3.038803127,2.682724031,3.104397707,2.9638289,,,,,,
South Sudan,SSD,Electricity production from nuclear sources (% of total),EG.ELC.NUCL.ZS,,,,,,,,,,,,,,,,,,,,,,,,,,,,,,,,,,,,,,,,,,,,,,,,,,,,,0,0,0,,,,,,
Sub-Saharan Africa,SSF,Electricity production from nuclear sources (% of total),EG.ELC.NUCL.ZS,,,,,,,,,,,,0,0,0,0,0,0,0,0,0,0,0,0,0,1.978292868,2.519237758,4.006187499,2.727777473,4.440110439,4.527085716,3.351447426,3.57636481,3.648228859,2.761651397,3.57889128,4.032409389,3.971996391,4.113855996,4.452637812,4.154508054,4.056551695,3.26346032,3.429076966,3.511204173,3.497048352,2.905010908,2.479490795,2.714453253,3.153914803,3.146100712,2.792594378,3.036326015,2.68053718,3.101867124,2.961412904,,,,,,
Small states,SST,Electricity production from nuclear sources (% of total),EG.ELC.NUCL.ZS,,,,,,,,,,,,0,0,0,0,0,0,0,0,0,0,0,0,0,0,0,0,0,0,0,0,0,0,0,0,0,0,0,0,0,0,0,0,0,0,0,0,0,0,0,0,0,0,0,0,0,,,,,
Sao Tome and Principe,STP,Electricity production from nuclear sources (% of total),EG.ELC.NUCL.ZS,,,,,,,,,,,,,,,,,,,,,,,,,,,,,,,,,,,,,,,,,,,,,,,,,,,,,,,,,,,,,
Suriname,SUR,Electricity production from nuclear sources (% of total),EG.ELC.NUCL.ZS,,,,,,,,,,,,,,,,,,,,,,,,,,,,,,,,,,,,,,,,,0,0,0,0,0,0,0,0,0,0,0,0,0,0,0,,,,,,
Slovak Republic,SVK,Electricity production from nuclear sources (% of total),EG.ELC.NUCL.ZS,,,,,,,,,,,,0,0.02537427,1.886332222,3.771534999,1.398758321,3.044706207,0.744757301,0.123120788,12.74713531,22.65237642,26.04922608,29.56962025,31.97795341,36.2911716,42.75233538,49.37418349,49.7924055,51.01369376,51.95299145,47.20555359,48.18020692,47.56370523,47.77075362,49.47364286,43.27607083,44.193447,44.1982996,44.27949635,46.67141078,53.55542568,53.68847313,55.73388799,57.65184277,55.89625739,56.54184741,57.63655563,54.9763373,58.07719054,54.32694163,53.06583163,54.478931,54.69853149,55.13081293,57.09076175,56.87143286,,,,,
Slovenia,SVN,Electricity production from nuclear sources (% of total),EG.ELC.NUCL.ZS,,,,,,,,,,,,,,,,,,,,,,,,,,,,,,,37.14239794,38.85750157,32.16947505,33.11568726,35.74253587,37.00921552,35.59010492,38.09198543,36.72785548,35.40944051,34.94568409,36.34038435,37.86820112,37.67727931,35.74749525,38.92306675,36.70525968,37.85814,38.25233246,34.98750229,34.80159951,39.05120955,35.55441214,33.52520716,37.11472353,38.11837754,,,,,
Sweden,SWE,Electricity production from nuclear sources (% of total),EG.ELC.NUCL.ZS,0,0,0,0,0,0.036667346,0.088890645,0.092898815,0.040917986,0.105060108,0.092415341,0.135269186,2.044575942,2.704330003,2.734655838,14.8587248,18.51213075,22.12826012,25.60290255,22.13094061,27.50114207,36.63633005,39.23647399,37.66361407,41.3132362,42.88957734,50.65829495,46.16138159,47.66789572,45.90318789,46.70717339,52.22902633,43.54237474,42.26937562,51.26559215,47.1600143,52.8163155,46.86674799,46.33952806,47.26746664,39.46540339,44.62328661,46.42876619,49.79723591,51.087537,45.70264894,46.74357579,44.99909288,42.62278677,38.19287869,38.95190624,40.24851252,38.47545002,43.42714875,42.25028329,34.73640007,,,,,
Eswatini,SWZ,Electricity production from nuclear sources (% of total),EG.ELC.NUCL.ZS,,,,,,,,,,,,,,,,,,,,,,,,,,,,,,,,,,,,,,,,,,,,,,,,,,,,,,,,,,,,,
Sint Maarten (Dutch part),SXM,Electricity production from nuclear sources (% of total),EG.ELC.NUCL.ZS,,,,,,,,,,,,,,,,,,,,,,,,,,,,,,,,,,,,,,,,,,,,,,,,,,,,,,,,,,,,,
Seychelles,SYC,Electricity production from nuclear sources (% of total),EG.ELC.NUCL.ZS,,,,,,,,,,,,,,,,,,,,,,,,,,,,,,,,,,,,,,,,,,,,,,,,,,,,,,,,,,,,,
Syrian Arab Republic,SYR,Electricity production from nuclear sources (% of total),EG.ELC.NUCL.ZS,,,,,,,,,,,,0,0,0,0,0,0,0,0,0,0,0,0,0,0,0,0,0,0,0,0,0,0,0,0,0,0,0,0,0,0,0,0,0,0,0,0,0,0,0,0,0,0,0,0,,,,,,
Turks and Caicos Islands,TCA,Electricity production from nuclear sources (% of total),EG.ELC.NUCL.ZS,,,,,,,,,,,,,,,,,,,,,,,,,,,,,,,,,,,,,,,,,,,,,,,,,,,,,,,,,,,,,
Chad,TCD,Electricity production from nuclear sources (% of total),EG.ELC.NUCL.ZS,,,,,,,,,,,,,,,,,,,,,,,,,,,,,,,,,,,,,,,,,,,,,,,,,,,,,,,,,,,,,
East Asia & Pacific (IDA & IBRD countries),TEA,Electricity production from nuclear sources (% of total),EG.ELC.NUCL.ZS,,,,,,,,,,,,0,0,0,0,0,0,0,0,0,0,0,0,0,0,0,0,0,0,0,0,0,0,0.155926274,1.291125253,1.025118821,1.058821887,1.006366223,0.95814801,0.958818642,0.984392049,0.945637266,1.228388042,1.86015746,1.902858947,1.785524794,1.628931149,1.628329618,1.700812101,1.628095506,1.525608182,1.605045489,1.705008282,1.799900386,2.047137377,,,,,,
Europe & Central Asia (IDA & IBRD countries),TEC,Electricity production from nuclear sources (% of total),EG.ELC.NUCL.ZS,,,,,,,,,,,,,,,,,,,,,,,,,,,,,,,10.17851041,10.39535041,10.87703699,11.61943962,10.87775634,11.31794805,12.76842773,13.07132764,12.65704751,13.29463103,13.89090382,14.06384169,14.43349315,14.36496235,14.01428217,14.14105641,14.0131376,13.95552815,13.9386936,14.24381745,14.10020536,13.9907607,13.97175405,13.29192785,13.95630706,0,,,,,
Togo,TGO,Electricity production from nuclear sources (% of total),EG.ELC.NUCL.ZS,,,,,,,,,,,,0,0,0,0,0,0,0,0,0,0,0,0,0,0,0,0,0,0,0,0,0,0,0,0,0,0,0,0,0,0,0,0,0,0,0,0,0,0,0,0,0,0,0,0,,,,,,
Thailand,THA,Electricity production from nuclear sources (% of total),EG.ELC.NUCL.ZS,,,,,,,,,,,,0,0,0,0,0,0,0,0,0,0,0,0,0,0,0,0,0,0,0,0,0,0,0,0,0,0,0,0,0,0,0,0,0,0,0,0,0,0,0,0,0,0,0,0,,,,,,
Tajikistan,TJK,Electricity production from nuclear sources (% of total),EG.ELC.NUCL.ZS,,,,,,,,,,,,,,,,,,,,,,,,,,,,,,,0,0,0,0,0,0,0,0,0,0,0,0,0,0,0,0,0,0,0,0,0,0,0,0,0,,,,,,
Turkmenistan,TKM,Electricity production from nuclear sources (% of total),EG.ELC.NUCL.ZS,,,,,,,,,,,,,,,,,,,,,,,,,,,,,,,0,0,0,0,0,0,0,0,0,0,0,0,0,0,0,0,0,0,0,0,0,0,0,0,0,,,,,,
Latin America & the Caribbean (IDA & IBRD countries),TLA,Electricity production from nuclear sources (% of total),EG.ELC.NUCL.ZS,,,,,,,,,,,,0,0,0,0.503630653,1.150721857,1.074428679,0.619250741,1.002857673,0.835782317,0.664519199,0.769916319,0.481651752,0.828153141,1.420600522,1.942349082,1.160811061,1.396542356,1.149489318,1.25647936,2.122023997,2.15342216,1.978240102,1.933197713,1.749929753,2.392976214,2.247799872,2.578908815,2.265720419,2.307525999,2.122311393,3.145536453,2.985587908,3.020114778,2.636092824,2.421454872,2.736782314,2.431158848,2.425670593,2.456978919,2.039011922,2.257509268,2.118703345,2.222346963,2.0094044,0.750561566,,,,,
Timor-Leste,TLS,Electricity production from nuclear sources (% of total),EG.ELC.NUCL.ZS,,,,,,,,,,,,,,,,,,,,,,,,,,,,,,,,,,,,,,,,,,,,,,,,,,,,,,,,,,,,,
Middle East & North Africa (IDA & IBRD countries),TMN,Electricity production from nuclear sources (% of total),EG.ELC.NUCL.ZS,,,,,,,,,,,,0,0,0,0,0,0,0,0,0,0,0,0,0,0,0,0,0,0,0,0,0,0,0,0,0,0,0,0,0,0,0,0,0,0,0,0,0,0,0,0,0.050331832,0.273180557,0.647978774,0.61038585,,,,,,
Tonga,TON,Electricity production from nuclear sources (% of total),EG.ELC.NUCL.ZS,,,,,,,,,,,,,,,,,,,,,,,,,,,,,,,,,,,,,,,,,,,,,,,,,,,,,,,,,,,,,
South Asia (IDA & IBRD),TSA,Electricity production from nuclear sources (% of total),EG.ELC.NUCL.ZS,,,,,,,,,,,,1.687601898,1.527834563,3.195695085,2.984225048,3.242445692,3.50897174,2.357460588,2.35458207,2.254188151,2.131051163,2.051097478,1.327329068,2.106082599,2.175289456,2.438223646,2.2739694,2.114536367,2.09344228,1.454459978,1.863093975,1.570260027,1.813328774,1.37234181,1.327907021,1.68613419,1.796452757,1.873738015,2.053297051,2.134030581,2.827574237,3.140784806,2.931847035,2.542861174,2.437888964,2.315499033,2.286789139,2.061416979,1.660872397,2.00690028,2.606161414,3.027579584,2.889288025,2.856706928,2.771190322,,,,,,
Sub-Saharan Africa (IDA & IBRD countries),TSS,Electricity production from nuclear sources (% of total),EG.ELC.NUCL.ZS,,,,,,,,,,,,0,0,0,0,0,0,0,0,0,0,0,0,0,1.978292868,2.519237758,4.006187499,2.727777473,4.440110439,4.527085716,3.351447426,3.57636481,3.648228859,2.761651397,3.57889128,4.032409389,3.971996391,4.113855996,4.452637812,4.154508054,4.056551695,3.26346032,3.429076966,3.511204173,3.497048352,2.905010908,2.479490795,2.714453253,3.153914803,3.146100712,2.792594378,3.036326015,2.68053718,3.101867124,2.961412904,,,,,,
Trinidad and Tobago,TTO,Electricity production from nuclear sources (% of total),EG.ELC.NUCL.ZS,,,,,,,,,,,,0,0,0,0,0,0,0,0,0,0,0,0,0,0,0,0,0,0,0,0,0,0,0,0,0,0,0,0,0,0,0,0,0,0,0,0,0,0,0,0,0,0,0,0,,,,,,
Tunisia,TUN,Electricity production from nuclear sources (% of total),EG.ELC.NUCL.ZS,,,,,,,,,,,,0,0,0,0,0,0,0,0,0,0,0,0,0,0,0,0,0,0,0,0,0,0,0,0,0,0,0,0,0,0,0,0,0,0,0,0,0,0,0,0,0,0,0,0,,,,,,
Turkey,TUR,Electricity production from nuclear sources (% of total),EG.ELC.NUCL.ZS,0,0,0,0,0,0,0,0,0,0,0,0,0,0,0,0,0,0,0,0,0,0,0,0,0,0,0,0,0,0,0,0,0,0,0,0,0,0,0,0,0,0,0,0,0,0,0,0,0,0,0,0,0,0,0,0,,,,,
Tuvalu,TUV,Electricity production from nuclear sources (% of total),EG.ELC.NUCL.ZS,,,,,,,,,,,,,,,,,,,,,,,,,,,,,,,,,,,,,,,,,,,,,,,,,,,,,,,,,,,,,
Tanzania,TZA,Electricity production from nuclear sources (% of total),EG.ELC.NUCL.ZS,,,,,,,,,,,,0,0,0,0,0,0,0,0,0,0,0,0,0,0,0,0,0,0,0,0,0,0,0,0,0,0,0,0,0,0,0,0,0,0,0,0,0,0,0,0,0,0,0,0,,,,,,
Uganda,UGA,Electricity production from nuclear sources (% of total),EG.ELC.NUCL.ZS,,,,,,,,,,,,,,,,,,,,,,,,,,,,,,,,,,,,,,,,,,,,,,,,,,,,,,,,,,,,,
Ukraine,UKR,Electricity production from nuclear sources (% of total),EG.ELC.NUCL.ZS,,,,,,,,,,,,,,,,,,,,,,,,,,,,,,,25.50983504,26.98021669,29.22910466,32.75593362,33.963288,36.38563417,43.53584813,44.66894605,43.57992655,41.91190155,45.15761755,44.07851716,44.93236236,45.17335523,47.80640554,47.74060986,46.69233516,47.15491896,46.6498084,47.76205369,47.21333701,46.29337054,45.44042992,42.95633589,48.5720566,,,,,,
Upper middle income,UMC,Electricity production from nuclear sources (% of total),EG.ELC.NUCL.ZS,,,,,,,,,,,,0,0,0,0.200295096,0.465809872,0.645287229,0.591643456,0.629998297,0.583049508,0.519719944,0.696151671,0.694344997,0.819750625,1.106620958,1.250674045,1.126156053,1.027456621,1.221169142,1.159683415,5.262935068,5.202838894,5.088340436,5.036194215,4.790863339,4.884907723,5.14997573,5.201577193,4.969449585,5.265373761,5.284924092,5.489193179,5.516825853,5.622275002,5.174332193,4.928178613,4.732790154,4.464567099,4.523128478,4.431204796,4.109828086,4.074964794,4.045790089,3.952662074,4.126855613,0.120260725,,,,,
Uruguay,URY,Electricity production from nuclear sources (% of total),EG.ELC.NUCL.ZS,,,,,,,,,,,,0,0,0,0,0,0,0,0,0,0,0,0,0,0,0,0,0,0,0,0,0,0,0,0,0,0,0,0,0,0,0,0,0,0,0,0,0,0,0,0,0,0,0,0,,,,,,
United States,USA,Electricity production from nuclear sources (% of total),EG.ELC.NUCL.ZS,0.069277798,0.215179689,0.26868399,0.353732927,0.34326063,0.349964002,0.487348895,0.594980562,0.952330207,0.97567778,1.436303299,2.380678416,3.123154822,4.536585688,6.194698404,9.124684262,9.474933313,11.91227232,12.64814746,11.46197571,10.96612725,11.8601212,12.61190717,12.71102146,13.55141482,15.51193797,16.62598059,17.76050011,19.54453434,17.94071139,19.09537023,19.95148838,20.05658294,19.07660872,19.66840777,20.05989252,19.58817324,18.14605334,18.77048887,19.92470644,19.81472397,20.64701468,19.9811047,19.42999258,19.60760159,18.99150762,19.09223158,19.34899275,19.29099374,19.93112298,19.26644609,18.98484619,18.75791991,19.17383116,19.2302385,19.32377763,,,,,
Uzbekistan,UZB,Electricity production from nuclear sources (% of total),EG.ELC.NUCL.ZS,,,,,,,,,,,,,,,,,,,,,,,,,,,,,,,0,0,0,0,0,0,0,0,0,0,0,0,0,0,0,0,0,0,0,0,0,0,0,0,0,,,,,,
St. Vincent and the Grenadines,VCT,Electricity production from nuclear sources (% of total),EG.ELC.NUCL.ZS,,,,,,,,,,,,,,,,,,,,,,,,,,,,,,,,,,,,,,,,,,,,,,,,,,,,,,,,,,,,,
"Venezuela, RB",VEN,Electricity production from nuclear sources (% of total),EG.ELC.NUCL.ZS,,,,,,,,,,,,0,0,0,0,0,0,0,0,0,0,0,0,0,0,0,0,0,0,0,0,0,0,0,0,0,0,0,0,0,0,0,0,0,0,0,0,0,0,0,0,0,0,0,0,,,,,,
British Virgin Islands,VGB,Electricity production from nuclear sources (% of total),EG.ELC.NUCL.ZS,,,,,,,,,,,,,,,,,,,,,,,,,,,,,,,,,,,,,,,,,,,,,,,,,,,,,,,,,,,,,
Virgin Islands (U.S.),VIR,Electricity production from nuclear sources (% of total),EG.ELC.NUCL.ZS,,,,,,,,,,,,,,,,,,,,,,,,,,,,,,,,,,,,,,,,,,,,,,,,,,,,,,,,,,,,,
Vietnam,VNM,Electricity production from nuclear sources (% of total),EG.ELC.NUCL.ZS,,,,,,,,,,,,0,0,0,0,0,0,0,0,0,0,0,0,0,0,0,0,0,0,0,0,0,0,0,0,0,0,0,0,0,0,0,0,0,0,0,0,0,0,0,0,0,0,0,0,,,,,,
Vanuatu,VUT,Electricity production from nuclear sources (% of total),EG.ELC.NUCL.ZS,,,,,,,,,,,,,,,,,,,,,,,,,,,,,,,,,,,,,,,,,,,,,,,,,,,,,,,,,,,,,
World,WLD,Electricity production from nuclear sources (% of total),EG.ELC.NUCL.ZS,,,,,,,,,,,,2.003932531,2.51892839,3.119569338,3.956452714,5.339402341,5.754854689,6.781735962,7.559902319,7.455759481,7.810296196,9.039647577,9.641358926,10.4959583,11.95944623,13.65464147,14.42641313,14.80578687,15.29350621,14.9043643,16.9202764,17.30789511,17.30393724,17.43042034,17.41537402,17.51158954,17.59344083,17.05653336,16.98500547,17.09444212,16.71299718,16.88742725,16.39338862,15.66491911,15.56044639,15.07976042,14.64082138,13.67004323,13.48281134,13.351591,12.79410116,11.61067049,10.81754905,10.58606653,10.60737579,8.117981958,,,,,
Samoa,WSM,Electricity production from nuclear sources (% of total),EG.ELC.NUCL.ZS,,,,,,,,,,,,,,,,,,,,,,,,,,,,,,,,,,,,,,,,,,,,,,,,,,,,,,,,,,,,,
Kosovo,XKX,Electricity production from nuclear sources (% of total),EG.ELC.NUCL.ZS,,,,,,,,,,,,,,,,,,,,,,,,,,,,,,,,,,,,,,,,,0,0,0,0,0,0,0,0,0,0,0,0,0,0,0,,,,,,
"Yemen, Rep.",YEM,Electricity production from nuclear sources (% of total),EG.ELC.NUCL.ZS,,,,,,,,,,,,0,0,0,0,0,0,0,0,0,0,0,0,0,0,0,0,0,0,0,0,0,0,0,0,0,0,0,0,0,0,0,0,0,0,0,0,0,0,0,0,0,0,0,0,,,,,,
South Africa,ZAF,Electricity production from nuclear sources (% of total),EG.ELC.NUCL.ZS,,,,,,,,,,,,0,0,0,0,0,0,0,0,0,0,0,0,0,2.90181872,3.759265546,6.010678975,4.09498071,6.69461139,6.837727945,5.108685794,5.491496108,5.569781179,4.184908947,5.382049475,6.09609399,5.902373982,6.087488087,6.701518571,6.404985481,6.259713141,5.149082734,5.486264893,5.475939251,5.547254389,4.665468592,3.99679491,4.344337812,5.089249723,5.188501509,4.714238958,5.201559466,4.689443065,5.571266075,5.529299999,,,,,,
Zambia,ZMB,Electricity production from nuclear sources (% of total),EG.ELC.NUCL.ZS,,,,,,,,,,,,0,0,0,0,0,0,0,0,0,0,0,0,0,0,0,0,0,0,0,0,0,0,0,0,0,0,0,0,0,0,0,0,0,0,0,0,0,0,0,0,0,0,0,0,,,,,,
Zimbabwe,ZWE,Electricity production from nuclear sources (% of total),EG.ELC.NUCL.ZS,,,,,,,,,,,,0,0,0,0,0,0,0,0,0,0,0,0,0,0,0,0,0,0,0,0,0,0,0,0,0,0,0,0,0,0,0,0,0,0,0,0,0,0,0,0,0,0,0,0,,,,,,
